2026-06-24T14:07:12.452+09:00  INFO 79494 --- [sisibibi-api] [restartedMain] com.sisibibi.api.ApiApplication          : Starting ApiApplication using Java 21.0.7 with PID 79494 (/Users/admin/programmers_final_project/backend/out/production/classes started by admin in /Users/admin/programmers_final_project)
2026-06-24T14:07:12.452+09:00  INFO 79494 --- [sisibibi-api] [restartedMain] com.sisibibi.api.ApiApplication          : The following 2 profiles are active: "local", "monitoring"
2026-06-24T14:07:14.450+09:00  INFO 79494 --- [sisibibi-api] [restartedMain] .s.d.r.c.RepositoryConfigurationDelegate : Multiple Spring Data modules found, entering strict repository configuration mode
2026-06-24T14:07:14.450+09:00  INFO 79494 --- [sisibibi-api] [restartedMain] .s.d.r.c.RepositoryConfigurationDelegate : Bootstrapping Spring Data JPA repositories in DEFAULT mode.
2026-06-24T14:07:14.531+09:00  INFO 79494 --- [sisibibi-api] [restartedMain] .s.d.r.c.RepositoryConfigurationDelegate : Finished Spring Data repository scanning in 78 ms. Found 11 JPA repository interfaces.
2026-06-24T14:07:14.540+09:00  INFO 79494 --- [sisibibi-api] [restartedMain] .s.d.r.c.RepositoryConfigurationDelegate : Multiple Spring Data modules found, entering strict repository configuration mode
2026-06-24T14:07:14.540+09:00  INFO 79494 --- [sisibibi-api] [restartedMain] .s.d.r.c.RepositoryConfigurationDelegate : Bootstrapping Spring Data Redis repositories in DEFAULT mode.
2026-06-24T14:07:14.553+09:00  INFO 79494 --- [sisibibi-api] [restartedMain] .RepositoryConfigurationExtensionSupport : Spring Data Redis - Could not safely identify store assignment for repository candidate interface com.sisibibi.api.domain.chat.repository.ChatMessageRepository; If you want this repository to be a Redis repository, consider annotating your entities with one of these annotations: org.springframework.data.redis.core.RedisHash (preferred), or consider extending one of the following types with your repository: org.springframework.data.keyvalue.repository.KeyValueRepository
2026-06-24T14:07:14.553+09:00  INFO 79494 --- [sisibibi-api] [restartedMain] .RepositoryConfigurationExtensionSupport : Spring Data Redis - Could not safely identify store assignment for repository candidate interface com.sisibibi.api.domain.report.repository.AiReportRepository; If you want this repository to be a Redis repository, consider annotating your entities with one of these annotations: org.springframework.data.redis.core.RedisHash (preferred), or consider extending one of the following types with your repository: org.springframework.data.keyvalue.repository.KeyValueRepository
2026-06-24T14:07:14.553+09:00  INFO 79494 --- [sisibibi-api] [restartedMain] .RepositoryConfigurationExtensionSupport : Spring Data Redis - Could not safely identify store assignment for repository candidate interface com.sisibibi.api.domain.room.repository.RoomRepository; If you want this repository to be a Redis repository, consider annotating your entities with one of these annotations: org.springframework.data.redis.core.RedisHash (preferred), or consider extending one of the following types with your repository: org.springframework.data.keyvalue.repository.KeyValueRepository
2026-06-24T14:07:14.553+09:00  INFO 79494 --- [sisibibi-api] [restartedMain] .RepositoryConfigurationExtensionSupport : Spring Data Redis - Could not safely identify store assignment for repository candidate interface com.sisibibi.api.domain.roomparticipant.repository.RoomParticipantRepository; If you want this repository to be a Redis repository, consider annotating your entities with one of these annotations: org.springframework.data.redis.core.RedisHash (preferred), or consider extending one of the following types with your repository: org.springframework.data.keyvalue.repository.KeyValueRepository
2026-06-24T14:07:14.553+09:00  INFO 79494 --- [sisibibi-api] [restartedMain] .RepositoryConfigurationExtensionSupport : Spring Data Redis - Could not safely identify store assignment for repository candidate interface com.sisibibi.api.domain.speech.repository.SpeakingQueueRepository; If you want this repository to be a Redis repository, consider annotating your entities with one of these annotations: org.springframework.data.redis.core.RedisHash (preferred), or consider extending one of the following types with your repository: org.springframework.data.keyvalue.repository.KeyValueRepository
2026-06-24T14:07:14.553+09:00  INFO 79494 --- [sisibibi-api] [restartedMain] .RepositoryConfigurationExtensionSupport : Spring Data Redis - Could not safely identify store assignment for repository candidate interface com.sisibibi.api.domain.speech.repository.SpeechRepository; If you want this repository to be a Redis repository, consider annotating your entities with one of these annotations: org.springframework.data.redis.core.RedisHash (preferred), or consider extending one of the following types with your repository: org.springframework.data.keyvalue.repository.KeyValueRepository
2026-06-24T14:07:14.553+09:00  INFO 79494 --- [sisibibi-api] [restartedMain] .RepositoryConfigurationExtensionSupport : Spring Data Redis - Could not safely identify store assignment for repository candidate interface com.sisibibi.api.domain.speechreaction.repository.SpeechReactionRepository; If you want this repository to be a Redis repository, consider annotating your entities with one of these annotations: org.springframework.data.redis.core.RedisHash (preferred), or consider extending one of the following types with your repository: org.springframework.data.keyvalue.repository.KeyValueRepository
2026-06-24T14:07:14.554+09:00  INFO 79494 --- [sisibibi-api] [restartedMain] .RepositoryConfigurationExtensionSupport : Spring Data Redis - Could not safely identify store assignment for repository candidate interface com.sisibibi.api.domain.speechreport.repository.SpeechReportRepository; If you want this repository to be a Redis repository, consider annotating your entities with one of these annotations: org.springframework.data.redis.core.RedisHash (preferred), or consider extending one of the following types with your repository: org.springframework.data.keyvalue.repository.KeyValueRepository
2026-06-24T14:07:14.554+09:00  INFO 79494 --- [sisibibi-api] [restartedMain] .RepositoryConfigurationExtensionSupport : Spring Data Redis - Could not safely identify store assignment for repository candidate interface com.sisibibi.api.domain.topic.repository.TopicRepository; If you want this repository to be a Redis repository, consider annotating your entities with one of these annotations: org.springframework.data.redis.core.RedisHash (preferred), or consider extending one of the following types with your repository: org.springframework.data.keyvalue.repository.KeyValueRepository
2026-06-24T14:07:14.554+09:00  INFO 79494 --- [sisibibi-api] [restartedMain] .RepositoryConfigurationExtensionSupport : Spring Data Redis - Could not safely identify store assignment for repository candidate interface com.sisibibi.api.domain.user.repository.UserRepository; If you want this repository to be a Redis repository, consider annotating your entities with one of these annotations: org.springframework.data.redis.core.RedisHash (preferred), or consider extending one of the following types with your repository: org.springframework.data.keyvalue.repository.KeyValueRepository
2026-06-24T14:07:14.554+09:00  INFO 79494 --- [sisibibi-api] [restartedMain] .RepositoryConfigurationExtensionSupport : Spring Data Redis - Could not safely identify store assignment for repository candidate interface com.sisibibi.api.domain.usersanction.repository.UserSanctionRepository; If you want this repository to be a Redis repository, consider annotating your entities with one of these annotations: org.springframework.data.redis.core.RedisHash (preferred), or consider extending one of the following types with your repository: org.springframework.data.keyvalue.repository.KeyValueRepository
2026-06-24T14:07:14.554+09:00  INFO 79494 --- [sisibibi-api] [restartedMain] .s.d.r.c.RepositoryConfigurationDelegate : Finished Spring Data repository scanning in 12 ms. Found 0 Redis repository interfaces.
2026-06-24T14:07:15.214+09:00  INFO 79494 --- [sisibibi-api] [restartedMain] o.s.b.w.embedded.tomcat.TomcatWebServer  : Tomcat initialized with port 8080 (http)
2026-06-24T14:07:15.216+09:00  INFO 79494 --- [sisibibi-api] [restartedMain] o.apache.catalina.core.StandardService   : Starting service [Tomcat]
2026-06-24T14:07:15.218+09:00  INFO 79494 --- [sisibibi-api] [restartedMain] o.apache.catalina.core.StandardEngine    : Starting Servlet engine: [Apache Tomcat/10.1.53]
2026-06-24T14:07:15.274+09:00  INFO 79494 --- [sisibibi-api] [restartedMain] o.a.c.c.C.[Tomcat].[localhost].[/]       : Initializing Spring embedded WebApplicationContext
2026-06-24T14:07:15.275+09:00  INFO 79494 --- [sisibibi-api] [restartedMain] w.s.c.ServletWebServerApplicationContext : Root WebApplicationContext: initialization completed in 2820 ms
2026-06-24T14:07:15.713+09:00  INFO 79494 --- [sisibibi-api] [restartedMain] o.hibernate.jpa.internal.util.LogHelper  : HHH000204: Processing PersistenceUnitInfo [name: default]
2026-06-24T14:07:15.716+09:00  INFO 79494 --- [sisibibi-api] [restartedMain] o.h.c.internal.RegionFactoryInitiator    : HHH000026: Second-level cache disabled
2026-06-24T14:07:15.741+09:00  INFO 79494 --- [sisibibi-api] [restartedMain] o.s.o.j.p.SpringPersistenceUnitInfo      : No LoadTimeWeaver setup: ignoring JPA class transformer
2026-06-24T14:07:15.743+09:00  INFO 79494 --- [sisibibi-api] [restartedMain] com.zaxxer.hikari.HikariDataSource       : HikariPool-2 - Starting...
2026-06-24T14:07:15.797+09:00  INFO 79494 --- [sisibibi-api] [restartedMain] com.zaxxer.hikari.pool.HikariPool        : HikariPool-2 - Added connection com.mysql.cj.jdbc.ConnectionImpl@6dbcf12f
2026-06-24T14:07:15.798+09:00  INFO 79494 --- [sisibibi-api] [restartedMain] com.zaxxer.hikari.HikariDataSource       : HikariPool-2 - Start completed.
2026-06-24T14:07:15.800+09:00  INFO 79494 --- [sisibibi-api] [restartedMain] org.hibernate.orm.connections.pooling    : HHH10001005: Database info:
	Database JDBC URL [Connecting through datasource 'HikariDataSource (HikariPool-2)']
	Database driver: undefined/unknown
	Database version: 8.0.46
	Autocommit mode: undefined/unknown
	Isolation level: undefined/unknown
	Minimum pool size: undefined/unknown
	Maximum pool size: undefined/unknown
2026-06-24T14:07:16.089+09:00  INFO 79494 --- [sisibibi-api] [restartedMain] o.h.e.t.j.p.i.JtaPlatformInitiator       : HHH000489: No JTA platform available (set 'hibernate.transaction.jta.platform' to enable JTA platform integration)
2026-06-24T14:07:21.513+09:00  INFO 79494 --- [sisibibi-api] [restartedMain] j.LocalContainerEntityManagerFactoryBean : Initialized JPA EntityManagerFactory for persistence unit 'default'
2026-06-24T14:07:23.870+09:00  WARN 79494 --- [sisibibi-api] [restartedMain] ConfigServletWebServerApplicationContext : Exception encountered during context initialization - cancelling refresh attempt: org.springframework.beans.factory.UnsatisfiedDependencyException: Error creating bean with name 'adminRoomController' defined in file [/Users/admin/programmers_final_project/backend/out/production/classes/com/sisibibi/api/domain/room/controller/AdminRoomController.class]: Unsatisfied dependency expressed through constructor parameter 0: Error creating bean with name 'roomService' defined in file [/Users/admin/programmers_final_project/backend/out/production/classes/com/sisibibi/api/domain/room/service/RoomService.class]: Unsatisfied dependency expressed through constructor parameter 2: Error creating bean with name 'roomCloseCommandService' defined in file [/Users/admin/programmers_final_project/backend/out/production/classes/com/sisibibi/api/domain/room/service/RoomCloseCommandService.class]: Unsatisfied dependency expressed through constructor parameter 2: Error creating bean with name 'speakingQueueService' defined in file [/Users/admin/programmers_final_project/backend/out/production/classes/com/sisibibi/api/domain/speech/service/SpeakingQueueService.class]: Unsatisfied dependency expressed through constructor parameter 0: No qualifying bean of type 'com.sisibibi.api.domain.speech.repository.RedisSpeakingQueueRepository' available: expected at least 1 bean which qualifies as autowire candidate. Dependency annotations: {}
2026-06-24T14:07:23.917+09:00  INFO 79494 --- [sisibibi-api] [restartedMain] j.LocalContainerEntityManagerFactoryBean : Closing JPA EntityManagerFactory for persistence unit 'default'
2026-06-24T14:07:23.930+09:00  INFO 79494 --- [sisibibi-api] [restartedMain] com.zaxxer.hikari.HikariDataSource       : HikariPool-2 - Shutdown initiated...
2026-06-24T14:07:23.980+09:00  INFO 79494 --- [sisibibi-api] [restartedMain] com.zaxxer.hikari.HikariDataSource       : HikariPool-2 - Shutdown completed.
2026-06-24T14:07:23.994+09:00  INFO 79494 --- [sisibibi-api] [restartedMain] o.apache.catalina.core.StandardService   : Stopping service [Tomcat]
2026-06-24T14:07:24.075+09:00  INFO 79494 --- [sisibibi-api] [restartedMain] .s.b.a.l.ConditionEvaluationReportLogger : 

Error starting ApplicationContext. To display the condition evaluation report re-run your application with 'debug' enabled.
2026-06-24T14:07:24.267+09:00 ERROR 79494 --- [sisibibi-api] [restartedMain] o.s.b.d.LoggingFailureAnalysisReporter   : 

***************************
APPLICATION FAILED TO START
***************************

Description:

Parameter 0 of constructor in com.sisibibi.api.domain.speech.service.SpeakingQueueService required a bean of type 'com.sisibibi.api.domain.speech.repository.RedisSpeakingQueueRepository' that could not be found.


Action:

Consider defining a bean of type 'com.sisibibi.api.domain.speech.repository.RedisSpeakingQueueRepository' in your configuration.

2026-06-24T14:07:25.856+09:00  INFO 79494 --- [sisibibi-api] [restartedMain] com.sisibibi.api.ApiApplication          : Starting ApiApplication using Java 21.0.7 with PID 79494 (/Users/admin/programmers_final_project/backend/out/production/classes started by admin in /Users/admin/programmers_final_project)
2026-06-24T14:07:25.856+09:00  INFO 79494 --- [sisibibi-api] [restartedMain] com.sisibibi.api.ApiApplication          : The following 2 profiles are active: "local", "monitoring"
2026-06-24T14:07:27.148+09:00  INFO 79494 --- [sisibibi-api] [restartedMain] .s.d.r.c.RepositoryConfigurationDelegate : Multiple Spring Data modules found, entering strict repository configuration mode
2026-06-24T14:07:27.150+09:00  INFO 79494 --- [sisibibi-api] [restartedMain] .s.d.r.c.RepositoryConfigurationDelegate : Bootstrapping Spring Data JPA repositories in DEFAULT mode.
2026-06-24T14:07:27.210+09:00  INFO 79494 --- [sisibibi-api] [restartedMain] .s.d.r.c.RepositoryConfigurationDelegate : Finished Spring Data repository scanning in 58 ms. Found 11 JPA repository interfaces.
2026-06-24T14:07:27.218+09:00  INFO 79494 --- [sisibibi-api] [restartedMain] .s.d.r.c.RepositoryConfigurationDelegate : Multiple Spring Data modules found, entering strict repository configuration mode
2026-06-24T14:07:27.218+09:00  INFO 79494 --- [sisibibi-api] [restartedMain] .s.d.r.c.RepositoryConfigurationDelegate : Bootstrapping Spring Data Redis repositories in DEFAULT mode.
2026-06-24T14:07:27.238+09:00  INFO 79494 --- [sisibibi-api] [restartedMain] .RepositoryConfigurationExtensionSupport : Spring Data Redis - Could not safely identify store assignment for repository candidate interface com.sisibibi.api.domain.chat.repository.ChatMessageRepository; If you want this repository to be a Redis repository, consider annotating your entities with one of these annotations: org.springframework.data.redis.core.RedisHash (preferred), or consider extending one of the following types with your repository: org.springframework.data.keyvalue.repository.KeyValueRepository
2026-06-24T14:07:27.238+09:00  INFO 79494 --- [sisibibi-api] [restartedMain] .RepositoryConfigurationExtensionSupport : Spring Data Redis - Could not safely identify store assignment for repository candidate interface com.sisibibi.api.domain.report.repository.AiReportRepository; If you want this repository to be a Redis repository, consider annotating your entities with one of these annotations: org.springframework.data.redis.core.RedisHash (preferred), or consider extending one of the following types with your repository: org.springframework.data.keyvalue.repository.KeyValueRepository
2026-06-24T14:07:27.238+09:00  INFO 79494 --- [sisibibi-api] [restartedMain] .RepositoryConfigurationExtensionSupport : Spring Data Redis - Could not safely identify store assignment for repository candidate interface com.sisibibi.api.domain.room.repository.RoomRepository; If you want this repository to be a Redis repository, consider annotating your entities with one of these annotations: org.springframework.data.redis.core.RedisHash (preferred), or consider extending one of the following types with your repository: org.springframework.data.keyvalue.repository.KeyValueRepository
2026-06-24T14:07:27.238+09:00  INFO 79494 --- [sisibibi-api] [restartedMain] .RepositoryConfigurationExtensionSupport : Spring Data Redis - Could not safely identify store assignment for repository candidate interface com.sisibibi.api.domain.roomparticipant.repository.RoomParticipantRepository; If you want this repository to be a Redis repository, consider annotating your entities with one of these annotations: org.springframework.data.redis.core.RedisHash (preferred), or consider extending one of the following types with your repository: org.springframework.data.keyvalue.repository.KeyValueRepository
2026-06-24T14:07:27.239+09:00  INFO 79494 --- [sisibibi-api] [restartedMain] .RepositoryConfigurationExtensionSupport : Spring Data Redis - Could not safely identify store assignment for repository candidate interface com.sisibibi.api.domain.speech.repository.SpeakingQueueRepository; If you want this repository to be a Redis repository, consider annotating your entities with one of these annotations: org.springframework.data.redis.core.RedisHash (preferred), or consider extending one of the following types with your repository: org.springframework.data.keyvalue.repository.KeyValueRepository
2026-06-24T14:07:27.239+09:00  INFO 79494 --- [sisibibi-api] [restartedMain] .RepositoryConfigurationExtensionSupport : Spring Data Redis - Could not safely identify store assignment for repository candidate interface com.sisibibi.api.domain.speech.repository.SpeechRepository; If you want this repository to be a Redis repository, consider annotating your entities with one of these annotations: org.springframework.data.redis.core.RedisHash (preferred), or consider extending one of the following types with your repository: org.springframework.data.keyvalue.repository.KeyValueRepository
2026-06-24T14:07:27.239+09:00  INFO 79494 --- [sisibibi-api] [restartedMain] .RepositoryConfigurationExtensionSupport : Spring Data Redis - Could not safely identify store assignment for repository candidate interface com.sisibibi.api.domain.speechreaction.repository.SpeechReactionRepository; If you want this repository to be a Redis repository, consider annotating your entities with one of these annotations: org.springframework.data.redis.core.RedisHash (preferred), or consider extending one of the following types with your repository: org.springframework.data.keyvalue.repository.KeyValueRepository
2026-06-24T14:07:27.239+09:00  INFO 79494 --- [sisibibi-api] [restartedMain] .RepositoryConfigurationExtensionSupport : Spring Data Redis - Could not safely identify store assignment for repository candidate interface com.sisibibi.api.domain.speechreport.repository.SpeechReportRepository; If you want this repository to be a Redis repository, consider annotating your entities with one of these annotations: org.springframework.data.redis.core.RedisHash (preferred), or consider extending one of the following types with your repository: org.springframework.data.keyvalue.repository.KeyValueRepository
2026-06-24T14:07:27.240+09:00  INFO 79494 --- [sisibibi-api] [restartedMain] .RepositoryConfigurationExtensionSupport : Spring Data Redis - Could not safely identify store assignment for repository candidate interface com.sisibibi.api.domain.topic.repository.TopicRepository; If you want this repository to be a Redis repository, consider annotating your entities with one of these annotations: org.springframework.data.redis.core.RedisHash (preferred), or consider extending one of the following types with your repository: org.springframework.data.keyvalue.repository.KeyValueRepository
2026-06-24T14:07:27.240+09:00  INFO 79494 --- [sisibibi-api] [restartedMain] .RepositoryConfigurationExtensionSupport : Spring Data Redis - Could not safely identify store assignment for repository candidate interface com.sisibibi.api.domain.user.repository.UserRepository; If you want this repository to be a Redis repository, consider annotating your entities with one of these annotations: org.springframework.data.redis.core.RedisHash (preferred), or consider extending one of the following types with your repository: org.springframework.data.keyvalue.repository.KeyValueRepository
2026-06-24T14:07:27.240+09:00  INFO 79494 --- [sisibibi-api] [restartedMain] .RepositoryConfigurationExtensionSupport : Spring Data Redis - Could not safely identify store assignment for repository candidate interface com.sisibibi.api.domain.usersanction.repository.UserSanctionRepository; If you want this repository to be a Redis repository, consider annotating your entities with one of these annotations: org.springframework.data.redis.core.RedisHash (preferred), or consider extending one of the following types with your repository: org.springframework.data.keyvalue.repository.KeyValueRepository
2026-06-24T14:07:27.240+09:00  INFO 79494 --- [sisibibi-api] [restartedMain] .s.d.r.c.RepositoryConfigurationDelegate : Finished Spring Data repository scanning in 20 ms. Found 0 Redis repository interfaces.
2026-06-24T14:07:27.940+09:00  INFO 79494 --- [sisibibi-api] [restartedMain] o.s.b.w.embedded.tomcat.TomcatWebServer  : Tomcat initialized with port 8080 (http)
2026-06-24T14:07:27.951+09:00  INFO 79494 --- [sisibibi-api] [restartedMain] o.apache.catalina.core.StandardService   : Starting service [Tomcat]
2026-06-24T14:07:27.951+09:00  INFO 79494 --- [sisibibi-api] [restartedMain] o.apache.catalina.core.StandardEngine    : Starting Servlet engine: [Apache Tomcat/10.1.53]
2026-06-24T14:07:27.985+09:00  INFO 79494 --- [sisibibi-api] [restartedMain] o.a.c.c.C.[Tomcat-1].[localhost].[/]     : Initializing Spring embedded WebApplicationContext
2026-06-24T14:07:27.986+09:00  INFO 79494 --- [sisibibi-api] [restartedMain] w.s.c.ServletWebServerApplicationContext : Root WebApplicationContext: initialization completed in 2125 ms
2026-06-24T14:07:28.332+09:00  INFO 79494 --- [sisibibi-api] [restartedMain] o.hibernate.jpa.internal.util.LogHelper  : HHH000204: Processing PersistenceUnitInfo [name: default]
2026-06-24T14:07:28.350+09:00  INFO 79494 --- [sisibibi-api] [restartedMain] o.h.c.internal.RegionFactoryInitiator    : HHH000026: Second-level cache disabled
2026-06-24T14:07:28.406+09:00  INFO 79494 --- [sisibibi-api] [restartedMain] o.s.o.j.p.SpringPersistenceUnitInfo      : No LoadTimeWeaver setup: ignoring JPA class transformer
2026-06-24T14:07:28.408+09:00  INFO 79494 --- [sisibibi-api] [restartedMain] com.zaxxer.hikari.HikariDataSource       : HikariPool-3 - Starting...
2026-06-24T14:07:28.474+09:00  INFO 79494 --- [sisibibi-api] [restartedMain] com.zaxxer.hikari.pool.HikariPool        : HikariPool-3 - Added connection com.mysql.cj.jdbc.ConnectionImpl@5c65e32b
2026-06-24T14:07:28.475+09:00  INFO 79494 --- [sisibibi-api] [restartedMain] com.zaxxer.hikari.HikariDataSource       : HikariPool-3 - Start completed.
2026-06-24T14:07:28.485+09:00  INFO 79494 --- [sisibibi-api] [restartedMain] org.hibernate.orm.connections.pooling    : HHH10001005: Database info:
	Database JDBC URL [Connecting through datasource 'HikariDataSource (HikariPool-3)']
	Database driver: undefined/unknown
	Database version: 8.0.46
	Autocommit mode: undefined/unknown
	Isolation level: undefined/unknown
	Minimum pool size: undefined/unknown
	Maximum pool size: undefined/unknown
2026-06-24T14:07:29.590+09:00  INFO 79494 --- [sisibibi-api] [restartedMain] o.h.e.t.j.p.i.JtaPlatformInitiator       : HHH000489: No JTA platform available (set 'hibernate.transaction.jta.platform' to enable JTA platform integration)
2026-06-24T14:07:30.334+09:00  INFO 79494 --- [sisibibi-api] [restartedMain] j.LocalContainerEntityManagerFactoryBean : Initialized JPA EntityManagerFactory for persistence unit 'default'
2026-06-24T14:07:30.862+09:00  WARN 79494 --- [sisibibi-api] [restartedMain] JpaBaseConfiguration$JpaWebConfiguration : spring.jpa.open-in-view is enabled by default. Therefore, database queries may be performed during view rendering. Explicitly configure spring.jpa.open-in-view to disable this warning
2026-06-24T14:07:30.883+09:00  WARN 79494 --- [sisibibi-api] [restartedMain] .s.s.UserDetailsServiceAutoConfiguration : 

Using generated security password: f902989e-d6ce-46e6-82fe-ce7de1cb568a

This generated password is for development use only. Your security configuration must be updated before running your application in production.

2026-06-24T14:07:30.884+09:00  INFO 79494 --- [sisibibi-api] [restartedMain] r$InitializeUserDetailsManagerConfigurer : Global AuthenticationManager configured with UserDetailsService bean with name inMemoryUserDetailsManager
2026-06-24T14:07:31.023+09:00  INFO 79494 --- [sisibibi-api] [restartedMain] o.s.b.a.e.web.EndpointLinksResolver      : Exposing 2 endpoints beneath base path '/actuator'
2026-06-24T14:07:31.212+09:00  INFO 79494 --- [sisibibi-api] [restartedMain] o.s.b.a.h2.H2ConsoleAutoConfiguration    : H2 console available at '/h2-console'. Database available at 'jdbc:mysql://localhost:23306/sisibibi?useSSL=false&allowPublicKeyRetrieval=true&serverTimezone=Asia/Seoul&characterEncoding=UTF-8'
2026-06-24T14:07:31.242+09:00  INFO 79494 --- [sisibibi-api] [restartedMain] o.s.b.d.a.OptionalLiveReloadServer       : LiveReload server is running on port 35729
2026-06-24T14:07:31.261+09:00  INFO 79494 --- [sisibibi-api] [restartedMain] o.s.m.s.b.SimpleBrokerMessageHandler     : Starting...
2026-06-24T14:07:31.261+09:00  INFO 79494 --- [sisibibi-api] [restartedMain] o.s.m.s.b.SimpleBrokerMessageHandler     : BrokerAvailabilityEvent[available=true, SimpleBrokerMessageHandler [org.springframework.messaging.simp.broker.DefaultSubscriptionRegistry@3298b79d]]
2026-06-24T14:07:31.261+09:00  INFO 79494 --- [sisibibi-api] [restartedMain] o.s.m.s.b.SimpleBrokerMessageHandler     : Started.
2026-06-24T14:07:31.262+09:00  INFO 79494 --- [sisibibi-api] [restartedMain] o.s.b.w.embedded.tomcat.TomcatWebServer  : Tomcat started on port 8080 (http) with context path '/'
2026-06-24T14:07:31.268+09:00  INFO 79494 --- [sisibibi-api] [restartedMain] o.s.s.config.TaskSchedulerRouter         : More than one TaskScheduler bean exists within the context, and none is named 'taskScheduler'. Mark one of them as primary or name it 'taskScheduler' (possibly as an alias); or implement the SchedulingConfigurer interface and call ScheduledTaskRegistrar#setScheduler explicitly within the configureTasks() callback: [clientInboundChannelExecutor, clientOutboundChannelExecutor, messageBrokerTaskScheduler, webSocketHeartbeatTaskScheduler]
2026-06-24T14:07:31.270+09:00  INFO 79494 --- [sisibibi-api] [restartedMain] com.sisibibi.api.ApiApplication          : Started ApiApplication in 5.472 seconds (process running for 9687.531)
2026-06-24T14:07:32.468+09:00  INFO 79494 --- [sisibibi-api] [restartedMain] c.s.a.g.config.LocalDataInitializer      : Local test data ready. userEmail=local-user@sisibibi.test, adminEmail=local-admin@sisibibi.test, password=test1234!, activeRoomId=1, emptyRoomId=2, closingRoomId=3, closedRoomId=4, userId=1, adminId=9
2026-06-24T14:07:32.481+09:00  INFO 79494 --- [sisibibi-api] [restartedMain] .ConditionEvaluationDeltaLoggingListener : Condition evaluation unchanged
2026-06-24T14:07:35.046+09:00  INFO 79494 --- [sisibibi-api] [http-nio-8080-exec-1] o.a.c.c.C.[Tomcat-1].[localhost].[/]     : Initializing Spring DispatcherServlet 'dispatcherServlet'
2026-06-24T14:07:35.047+09:00  INFO 79494 --- [sisibibi-api] [http-nio-8080-exec-1] o.s.web.servlet.DispatcherServlet        : Initializing Servlet 'dispatcherServlet'
2026-06-24T14:07:35.056+09:00  INFO 79494 --- [sisibibi-api] [http-nio-8080-exec-1] o.s.web.servlet.DispatcherServlet        : Completed initialization in 9 ms
2026-06-24T14:08:11.996+09:00  INFO 79494 --- [sisibibi-api] [File Watcher] rtingClassPathChangeChangedEventListener : Restarting due to 1 class path change (0 additions, 1 deletion, 0 modifications)
2026-06-24T14:08:12.115+09:00  INFO 79494 --- [sisibibi-api] [Thread-13] o.s.b.w.e.tomcat.GracefulShutdown        : Commencing graceful shutdown. Waiting for active requests to complete
2026-06-24T14:08:12.150+09:00  INFO 79494 --- [sisibibi-api] [tomcat-shutdown] o.s.b.w.e.tomcat.GracefulShutdown        : Graceful shutdown complete
2026-06-24T14:08:12.181+09:00  INFO 79494 --- [sisibibi-api] [Thread-13] o.s.m.s.b.SimpleBrokerMessageHandler     : Stopping...
2026-06-24T14:08:12.182+09:00  INFO 79494 --- [sisibibi-api] [Thread-13] o.s.m.s.b.SimpleBrokerMessageHandler     : BrokerAvailabilityEvent[available=false, SimpleBrokerMessageHandler [org.springframework.messaging.simp.broker.DefaultSubscriptionRegistry@3298b79d]]
2026-06-24T14:08:12.182+09:00  INFO 79494 --- [sisibibi-api] [Thread-13] o.s.m.s.b.SimpleBrokerMessageHandler     : Stopped.
2026-06-24T14:08:12.285+09:00  INFO 79494 --- [sisibibi-api] [Thread-13] j.LocalContainerEntityManagerFactoryBean : Closing JPA EntityManagerFactory for persistence unit 'default'
2026-06-24T14:08:12.303+09:00  INFO 79494 --- [sisibibi-api] [Thread-13] com.zaxxer.hikari.HikariDataSource       : HikariPool-3 - Shutdown initiated...
2026-06-24T14:08:12.339+09:00  INFO 79494 --- [sisibibi-api] [Thread-13] com.zaxxer.hikari.HikariDataSource       : HikariPool-3 - Shutdown completed.
2026-06-24T14:08:13.298+09:00  INFO 79494 --- [sisibibi-api] [restartedMain] com.sisibibi.api.ApiApplication          : Starting ApiApplication using Java 21.0.7 with PID 79494 (/Users/admin/programmers_final_project/backend/out/production/classes started by admin in /Users/admin/programmers_final_project)
2026-06-24T14:08:13.299+09:00  INFO 79494 --- [sisibibi-api] [restartedMain] com.sisibibi.api.ApiApplication          : The following 2 profiles are active: "local", "monitoring"
2026-06-24T14:08:14.054+09:00  INFO 79494 --- [sisibibi-api] [restartedMain] .s.d.r.c.RepositoryConfigurationDelegate : Multiple Spring Data modules found, entering strict repository configuration mode
2026-06-24T14:08:14.055+09:00  INFO 79494 --- [sisibibi-api] [restartedMain] .s.d.r.c.RepositoryConfigurationDelegate : Bootstrapping Spring Data JPA repositories in DEFAULT mode.
2026-06-24T14:08:14.098+09:00  INFO 79494 --- [sisibibi-api] [restartedMain] .s.d.r.c.RepositoryConfigurationDelegate : Finished Spring Data repository scanning in 41 ms. Found 11 JPA repository interfaces.
2026-06-24T14:08:14.102+09:00  INFO 79494 --- [sisibibi-api] [restartedMain] .s.d.r.c.RepositoryConfigurationDelegate : Multiple Spring Data modules found, entering strict repository configuration mode
2026-06-24T14:08:14.103+09:00  INFO 79494 --- [sisibibi-api] [restartedMain] .s.d.r.c.RepositoryConfigurationDelegate : Bootstrapping Spring Data Redis repositories in DEFAULT mode.
2026-06-24T14:08:14.118+09:00  INFO 79494 --- [sisibibi-api] [restartedMain] .RepositoryConfigurationExtensionSupport : Spring Data Redis - Could not safely identify store assignment for repository candidate interface com.sisibibi.api.domain.chat.repository.ChatMessageRepository; If you want this repository to be a Redis repository, consider annotating your entities with one of these annotations: org.springframework.data.redis.core.RedisHash (preferred), or consider extending one of the following types with your repository: org.springframework.data.keyvalue.repository.KeyValueRepository
2026-06-24T14:08:14.118+09:00  INFO 79494 --- [sisibibi-api] [restartedMain] .RepositoryConfigurationExtensionSupport : Spring Data Redis - Could not safely identify store assignment for repository candidate interface com.sisibibi.api.domain.report.repository.AiReportRepository; If you want this repository to be a Redis repository, consider annotating your entities with one of these annotations: org.springframework.data.redis.core.RedisHash (preferred), or consider extending one of the following types with your repository: org.springframework.data.keyvalue.repository.KeyValueRepository
2026-06-24T14:08:14.119+09:00  INFO 79494 --- [sisibibi-api] [restartedMain] .RepositoryConfigurationExtensionSupport : Spring Data Redis - Could not safely identify store assignment for repository candidate interface com.sisibibi.api.domain.room.repository.RoomRepository; If you want this repository to be a Redis repository, consider annotating your entities with one of these annotations: org.springframework.data.redis.core.RedisHash (preferred), or consider extending one of the following types with your repository: org.springframework.data.keyvalue.repository.KeyValueRepository
2026-06-24T14:08:14.119+09:00  INFO 79494 --- [sisibibi-api] [restartedMain] .RepositoryConfigurationExtensionSupport : Spring Data Redis - Could not safely identify store assignment for repository candidate interface com.sisibibi.api.domain.roomparticipant.repository.RoomParticipantRepository; If you want this repository to be a Redis repository, consider annotating your entities with one of these annotations: org.springframework.data.redis.core.RedisHash (preferred), or consider extending one of the following types with your repository: org.springframework.data.keyvalue.repository.KeyValueRepository
2026-06-24T14:08:14.119+09:00  INFO 79494 --- [sisibibi-api] [restartedMain] .RepositoryConfigurationExtensionSupport : Spring Data Redis - Could not safely identify store assignment for repository candidate interface com.sisibibi.api.domain.speech.repository.SpeakingQueueRepository; If you want this repository to be a Redis repository, consider annotating your entities with one of these annotations: org.springframework.data.redis.core.RedisHash (preferred), or consider extending one of the following types with your repository: org.springframework.data.keyvalue.repository.KeyValueRepository
2026-06-24T14:08:14.119+09:00  INFO 79494 --- [sisibibi-api] [restartedMain] .RepositoryConfigurationExtensionSupport : Spring Data Redis - Could not safely identify store assignment for repository candidate interface com.sisibibi.api.domain.speech.repository.SpeechRepository; If you want this repository to be a Redis repository, consider annotating your entities with one of these annotations: org.springframework.data.redis.core.RedisHash (preferred), or consider extending one of the following types with your repository: org.springframework.data.keyvalue.repository.KeyValueRepository
2026-06-24T14:08:14.119+09:00  INFO 79494 --- [sisibibi-api] [restartedMain] .RepositoryConfigurationExtensionSupport : Spring Data Redis - Could not safely identify store assignment for repository candidate interface com.sisibibi.api.domain.speechreaction.repository.SpeechReactionRepository; If you want this repository to be a Redis repository, consider annotating your entities with one of these annotations: org.springframework.data.redis.core.RedisHash (preferred), or consider extending one of the following types with your repository: org.springframework.data.keyvalue.repository.KeyValueRepository
2026-06-24T14:08:14.120+09:00  INFO 79494 --- [sisibibi-api] [restartedMain] .RepositoryConfigurationExtensionSupport : Spring Data Redis - Could not safely identify store assignment for repository candidate interface com.sisibibi.api.domain.speechreport.repository.SpeechReportRepository; If you want this repository to be a Redis repository, consider annotating your entities with one of these annotations: org.springframework.data.redis.core.RedisHash (preferred), or consider extending one of the following types with your repository: org.springframework.data.keyvalue.repository.KeyValueRepository
2026-06-24T14:08:14.120+09:00  INFO 79494 --- [sisibibi-api] [restartedMain] .RepositoryConfigurationExtensionSupport : Spring Data Redis - Could not safely identify store assignment for repository candidate interface com.sisibibi.api.domain.topic.repository.TopicRepository; If you want this repository to be a Redis repository, consider annotating your entities with one of these annotations: org.springframework.data.redis.core.RedisHash (preferred), or consider extending one of the following types with your repository: org.springframework.data.keyvalue.repository.KeyValueRepository
2026-06-24T14:08:14.120+09:00  INFO 79494 --- [sisibibi-api] [restartedMain] .RepositoryConfigurationExtensionSupport : Spring Data Redis - Could not safely identify store assignment for repository candidate interface com.sisibibi.api.domain.user.repository.UserRepository; If you want this repository to be a Redis repository, consider annotating your entities with one of these annotations: org.springframework.data.redis.core.RedisHash (preferred), or consider extending one of the following types with your repository: org.springframework.data.keyvalue.repository.KeyValueRepository
2026-06-24T14:08:14.120+09:00  INFO 79494 --- [sisibibi-api] [restartedMain] .RepositoryConfigurationExtensionSupport : Spring Data Redis - Could not safely identify store assignment for repository candidate interface com.sisibibi.api.domain.usersanction.repository.UserSanctionRepository; If you want this repository to be a Redis repository, consider annotating your entities with one of these annotations: org.springframework.data.redis.core.RedisHash (preferred), or consider extending one of the following types with your repository: org.springframework.data.keyvalue.repository.KeyValueRepository
2026-06-24T14:08:14.120+09:00  INFO 79494 --- [sisibibi-api] [restartedMain] .s.d.r.c.RepositoryConfigurationDelegate : Finished Spring Data repository scanning in 16 ms. Found 0 Redis repository interfaces.
2026-06-24T14:08:14.371+09:00  INFO 79494 --- [sisibibi-api] [restartedMain] o.s.b.w.embedded.tomcat.TomcatWebServer  : Tomcat initialized with port 8080 (http)
2026-06-24T14:08:14.372+09:00  INFO 79494 --- [sisibibi-api] [restartedMain] o.apache.catalina.core.StandardService   : Starting service [Tomcat]
2026-06-24T14:08:14.372+09:00  INFO 79494 --- [sisibibi-api] [restartedMain] o.apache.catalina.core.StandardEngine    : Starting Servlet engine: [Apache Tomcat/10.1.53]
2026-06-24T14:08:14.382+09:00  INFO 79494 --- [sisibibi-api] [restartedMain] o.a.c.c.C.[Tomcat-1].[localhost].[/]     : Initializing Spring embedded WebApplicationContext
2026-06-24T14:08:14.382+09:00  INFO 79494 --- [sisibibi-api] [restartedMain] w.s.c.ServletWebServerApplicationContext : Root WebApplicationContext: initialization completed in 1060 ms
2026-06-24T14:08:14.516+09:00  INFO 79494 --- [sisibibi-api] [restartedMain] o.hibernate.jpa.internal.util.LogHelper  : HHH000204: Processing PersistenceUnitInfo [name: default]
2026-06-24T14:08:14.517+09:00  INFO 79494 --- [sisibibi-api] [restartedMain] o.h.c.internal.RegionFactoryInitiator    : HHH000026: Second-level cache disabled
2026-06-24T14:08:14.523+09:00  INFO 79494 --- [sisibibi-api] [restartedMain] o.s.o.j.p.SpringPersistenceUnitInfo      : No LoadTimeWeaver setup: ignoring JPA class transformer
2026-06-24T14:08:14.523+09:00  INFO 79494 --- [sisibibi-api] [restartedMain] com.zaxxer.hikari.HikariDataSource       : HikariPool-4 - Starting...
2026-06-24T14:08:14.545+09:00  INFO 79494 --- [sisibibi-api] [restartedMain] com.zaxxer.hikari.pool.HikariPool        : HikariPool-4 - Added connection com.mysql.cj.jdbc.ConnectionImpl@10fc7f21
2026-06-24T14:08:14.545+09:00  INFO 79494 --- [sisibibi-api] [restartedMain] com.zaxxer.hikari.HikariDataSource       : HikariPool-4 - Start completed.
2026-06-24T14:08:14.547+09:00  INFO 79494 --- [sisibibi-api] [restartedMain] org.hibernate.orm.connections.pooling    : HHH10001005: Database info:
	Database JDBC URL [Connecting through datasource 'HikariDataSource (HikariPool-4)']
	Database driver: undefined/unknown
	Database version: 8.0.46
	Autocommit mode: undefined/unknown
	Isolation level: undefined/unknown
	Minimum pool size: undefined/unknown
	Maximum pool size: undefined/unknown
2026-06-24T14:08:14.717+09:00  INFO 79494 --- [sisibibi-api] [restartedMain] o.h.e.t.j.p.i.JtaPlatformInitiator       : HHH000489: No JTA platform available (set 'hibernate.transaction.jta.platform' to enable JTA platform integration)
2026-06-24T14:08:15.402+09:00  INFO 79494 --- [sisibibi-api] [restartedMain] j.LocalContainerEntityManagerFactoryBean : Initialized JPA EntityManagerFactory for persistence unit 'default'
2026-06-24T14:08:15.907+09:00  WARN 79494 --- [sisibibi-api] [restartedMain] ConfigServletWebServerApplicationContext : Exception encountered during context initialization - cancelling refresh attempt: org.springframework.beans.factory.UnsatisfiedDependencyException: Error creating bean with name 'adminRoomController' defined in file [/Users/admin/programmers_final_project/backend/out/production/classes/com/sisibibi/api/domain/room/controller/AdminRoomController.class]: Unsatisfied dependency expressed through constructor parameter 0: Error creating bean with name 'roomService' defined in file [/Users/admin/programmers_final_project/backend/out/production/classes/com/sisibibi/api/domain/room/service/RoomService.class]: Unsatisfied dependency expressed through constructor parameter 2: Error creating bean with name 'roomCloseCommandService' defined in file [/Users/admin/programmers_final_project/backend/out/production/classes/com/sisibibi/api/domain/room/service/RoomCloseCommandService.class]: Unsatisfied dependency expressed through constructor parameter 2: Error creating bean with name 'speakingQueueService' defined in file [/Users/admin/programmers_final_project/backend/out/production/classes/com/sisibibi/api/domain/speech/service/SpeakingQueueService.class]: Unsatisfied dependency expressed through constructor parameter 1: No qualifying bean of type 'com.sisibibi.api.domain.speech.service.SpeakingQueuePersistenceService' available: expected at least 1 bean which qualifies as autowire candidate. Dependency annotations: {}
2026-06-24T14:08:15.912+09:00  INFO 79494 --- [sisibibi-api] [restartedMain] j.LocalContainerEntityManagerFactoryBean : Closing JPA EntityManagerFactory for persistence unit 'default'
2026-06-24T14:08:15.916+09:00  INFO 79494 --- [sisibibi-api] [restartedMain] com.zaxxer.hikari.HikariDataSource       : HikariPool-4 - Shutdown initiated...
2026-06-24T14:08:15.921+09:00  INFO 79494 --- [sisibibi-api] [restartedMain] com.zaxxer.hikari.HikariDataSource       : HikariPool-4 - Shutdown completed.
2026-06-24T14:08:15.922+09:00  INFO 79494 --- [sisibibi-api] [restartedMain] o.apache.catalina.core.StandardService   : Stopping service [Tomcat]
2026-06-24T14:08:15.940+09:00  INFO 79494 --- [sisibibi-api] [restartedMain] .s.b.a.l.ConditionEvaluationReportLogger : 

Error starting ApplicationContext. To display the condition evaluation report re-run your application with 'debug' enabled.
2026-06-24T14:08:15.954+09:00 ERROR 79494 --- [sisibibi-api] [restartedMain] o.s.b.d.LoggingFailureAnalysisReporter   : 

***************************
APPLICATION FAILED TO START
***************************

Description:

Parameter 1 of constructor in com.sisibibi.api.domain.speech.service.SpeakingQueueService required a bean of type 'com.sisibibi.api.domain.speech.service.SpeakingQueuePersistenceService' that could not be found.


Action:

Consider defining a bean of type 'com.sisibibi.api.domain.speech.service.SpeakingQueuePersistenceService' in your configuration.

2026-06-24T14:22:47.906+09:00  INFO 79494 --- [sisibibi-api] [restartedMain] com.sisibibi.api.ApiApplication          : Starting ApiApplication using Java 21.0.7 with PID 79494 (/Users/admin/programmers_final_project/backend/out/production/classes started by admin in /Users/admin/programmers_final_project)
2026-06-24T14:22:47.907+09:00  INFO 79494 --- [sisibibi-api] [restartedMain] com.sisibibi.api.ApiApplication          : The following 2 profiles are active: "local", "monitoring"
2026-06-24T14:22:49.402+09:00  INFO 79494 --- [sisibibi-api] [restartedMain] .s.d.r.c.RepositoryConfigurationDelegate : Multiple Spring Data modules found, entering strict repository configuration mode
2026-06-24T14:22:49.402+09:00  INFO 79494 --- [sisibibi-api] [restartedMain] .s.d.r.c.RepositoryConfigurationDelegate : Bootstrapping Spring Data JPA repositories in DEFAULT mode.
2026-06-24T14:22:49.498+09:00  INFO 79494 --- [sisibibi-api] [restartedMain] .s.d.r.c.RepositoryConfigurationDelegate : Finished Spring Data repository scanning in 93 ms. Found 11 JPA repository interfaces.
2026-06-24T14:22:49.506+09:00  INFO 79494 --- [sisibibi-api] [restartedMain] .s.d.r.c.RepositoryConfigurationDelegate : Multiple Spring Data modules found, entering strict repository configuration mode
2026-06-24T14:22:49.506+09:00  INFO 79494 --- [sisibibi-api] [restartedMain] .s.d.r.c.RepositoryConfigurationDelegate : Bootstrapping Spring Data Redis repositories in DEFAULT mode.
2026-06-24T14:22:49.533+09:00  INFO 79494 --- [sisibibi-api] [restartedMain] .RepositoryConfigurationExtensionSupport : Spring Data Redis - Could not safely identify store assignment for repository candidate interface com.sisibibi.api.domain.chat.repository.ChatMessageRepository; If you want this repository to be a Redis repository, consider annotating your entities with one of these annotations: org.springframework.data.redis.core.RedisHash (preferred), or consider extending one of the following types with your repository: org.springframework.data.keyvalue.repository.KeyValueRepository
2026-06-24T14:22:49.533+09:00  INFO 79494 --- [sisibibi-api] [restartedMain] .RepositoryConfigurationExtensionSupport : Spring Data Redis - Could not safely identify store assignment for repository candidate interface com.sisibibi.api.domain.report.repository.AiReportRepository; If you want this repository to be a Redis repository, consider annotating your entities with one of these annotations: org.springframework.data.redis.core.RedisHash (preferred), or consider extending one of the following types with your repository: org.springframework.data.keyvalue.repository.KeyValueRepository
2026-06-24T14:22:49.533+09:00  INFO 79494 --- [sisibibi-api] [restartedMain] .RepositoryConfigurationExtensionSupport : Spring Data Redis - Could not safely identify store assignment for repository candidate interface com.sisibibi.api.domain.room.repository.RoomRepository; If you want this repository to be a Redis repository, consider annotating your entities with one of these annotations: org.springframework.data.redis.core.RedisHash (preferred), or consider extending one of the following types with your repository: org.springframework.data.keyvalue.repository.KeyValueRepository
2026-06-24T14:22:49.533+09:00  INFO 79494 --- [sisibibi-api] [restartedMain] .RepositoryConfigurationExtensionSupport : Spring Data Redis - Could not safely identify store assignment for repository candidate interface com.sisibibi.api.domain.roomparticipant.repository.RoomParticipantRepository; If you want this repository to be a Redis repository, consider annotating your entities with one of these annotations: org.springframework.data.redis.core.RedisHash (preferred), or consider extending one of the following types with your repository: org.springframework.data.keyvalue.repository.KeyValueRepository
2026-06-24T14:22:49.533+09:00  INFO 79494 --- [sisibibi-api] [restartedMain] .RepositoryConfigurationExtensionSupport : Spring Data Redis - Could not safely identify store assignment for repository candidate interface com.sisibibi.api.domain.speech.repository.SpeakingQueueRepository; If you want this repository to be a Redis repository, consider annotating your entities with one of these annotations: org.springframework.data.redis.core.RedisHash (preferred), or consider extending one of the following types with your repository: org.springframework.data.keyvalue.repository.KeyValueRepository
2026-06-24T14:22:49.533+09:00  INFO 79494 --- [sisibibi-api] [restartedMain] .RepositoryConfigurationExtensionSupport : Spring Data Redis - Could not safely identify store assignment for repository candidate interface com.sisibibi.api.domain.speech.repository.SpeechRepository; If you want this repository to be a Redis repository, consider annotating your entities with one of these annotations: org.springframework.data.redis.core.RedisHash (preferred), or consider extending one of the following types with your repository: org.springframework.data.keyvalue.repository.KeyValueRepository
2026-06-24T14:22:49.533+09:00  INFO 79494 --- [sisibibi-api] [restartedMain] .RepositoryConfigurationExtensionSupport : Spring Data Redis - Could not safely identify store assignment for repository candidate interface com.sisibibi.api.domain.speechreaction.repository.SpeechReactionRepository; If you want this repository to be a Redis repository, consider annotating your entities with one of these annotations: org.springframework.data.redis.core.RedisHash (preferred), or consider extending one of the following types with your repository: org.springframework.data.keyvalue.repository.KeyValueRepository
2026-06-24T14:22:49.533+09:00  INFO 79494 --- [sisibibi-api] [restartedMain] .RepositoryConfigurationExtensionSupport : Spring Data Redis - Could not safely identify store assignment for repository candidate interface com.sisibibi.api.domain.speechreport.repository.SpeechReportRepository; If you want this repository to be a Redis repository, consider annotating your entities with one of these annotations: org.springframework.data.redis.core.RedisHash (preferred), or consider extending one of the following types with your repository: org.springframework.data.keyvalue.repository.KeyValueRepository
2026-06-24T14:22:49.535+09:00  INFO 79494 --- [sisibibi-api] [restartedMain] .RepositoryConfigurationExtensionSupport : Spring Data Redis - Could not safely identify store assignment for repository candidate interface com.sisibibi.api.domain.topic.repository.TopicRepository; If you want this repository to be a Redis repository, consider annotating your entities with one of these annotations: org.springframework.data.redis.core.RedisHash (preferred), or consider extending one of the following types with your repository: org.springframework.data.keyvalue.repository.KeyValueRepository
2026-06-24T14:22:49.535+09:00  INFO 79494 --- [sisibibi-api] [restartedMain] .RepositoryConfigurationExtensionSupport : Spring Data Redis - Could not safely identify store assignment for repository candidate interface com.sisibibi.api.domain.user.repository.UserRepository; If you want this repository to be a Redis repository, consider annotating your entities with one of these annotations: org.springframework.data.redis.core.RedisHash (preferred), or consider extending one of the following types with your repository: org.springframework.data.keyvalue.repository.KeyValueRepository
2026-06-24T14:22:49.536+09:00  INFO 79494 --- [sisibibi-api] [restartedMain] .RepositoryConfigurationExtensionSupport : Spring Data Redis - Could not safely identify store assignment for repository candidate interface com.sisibibi.api.domain.usersanction.repository.UserSanctionRepository; If you want this repository to be a Redis repository, consider annotating your entities with one of these annotations: org.springframework.data.redis.core.RedisHash (preferred), or consider extending one of the following types with your repository: org.springframework.data.keyvalue.repository.KeyValueRepository
2026-06-24T14:22:49.536+09:00  INFO 79494 --- [sisibibi-api] [restartedMain] .s.d.r.c.RepositoryConfigurationDelegate : Finished Spring Data repository scanning in 27 ms. Found 0 Redis repository interfaces.
2026-06-24T14:22:49.891+09:00  INFO 79494 --- [sisibibi-api] [restartedMain] o.s.b.w.embedded.tomcat.TomcatWebServer  : Tomcat initialized with port 8080 (http)
2026-06-24T14:22:49.893+09:00  INFO 79494 --- [sisibibi-api] [restartedMain] o.apache.catalina.core.StandardService   : Starting service [Tomcat]
2026-06-24T14:22:49.893+09:00  INFO 79494 --- [sisibibi-api] [restartedMain] o.apache.catalina.core.StandardEngine    : Starting Servlet engine: [Apache Tomcat/10.1.53]
2026-06-24T14:22:49.912+09:00  INFO 79494 --- [sisibibi-api] [restartedMain] o.a.c.c.C.[Tomcat-2].[localhost].[/]     : Initializing Spring embedded WebApplicationContext
2026-06-24T14:22:49.912+09:00  INFO 79494 --- [sisibibi-api] [restartedMain] w.s.c.ServletWebServerApplicationContext : Root WebApplicationContext: initialization completed in 1996 ms
2026-06-24T14:22:50.292+09:00  INFO 79494 --- [sisibibi-api] [restartedMain] o.hibernate.jpa.internal.util.LogHelper  : HHH000204: Processing PersistenceUnitInfo [name: default]
2026-06-24T14:22:50.316+09:00  INFO 79494 --- [sisibibi-api] [restartedMain] o.h.c.internal.RegionFactoryInitiator    : HHH000026: Second-level cache disabled
2026-06-24T14:22:50.365+09:00  INFO 79494 --- [sisibibi-api] [restartedMain] o.s.o.j.p.SpringPersistenceUnitInfo      : No LoadTimeWeaver setup: ignoring JPA class transformer
2026-06-24T14:22:50.368+09:00  INFO 79494 --- [sisibibi-api] [restartedMain] com.zaxxer.hikari.HikariDataSource       : HikariPool-5 - Starting...
2026-06-24T14:22:50.517+09:00  INFO 79494 --- [sisibibi-api] [restartedMain] com.zaxxer.hikari.pool.HikariPool        : HikariPool-5 - Added connection com.mysql.cj.jdbc.ConnectionImpl@51ac1337
2026-06-24T14:22:50.519+09:00  INFO 79494 --- [sisibibi-api] [restartedMain] com.zaxxer.hikari.HikariDataSource       : HikariPool-5 - Start completed.
2026-06-24T14:22:50.598+09:00  INFO 79494 --- [sisibibi-api] [restartedMain] org.hibernate.orm.connections.pooling    : HHH10001005: Database info:
	Database JDBC URL [Connecting through datasource 'HikariDataSource (HikariPool-5)']
	Database driver: undefined/unknown
	Database version: 8.0.46
	Autocommit mode: undefined/unknown
	Isolation level: undefined/unknown
	Minimum pool size: undefined/unknown
	Maximum pool size: undefined/unknown
2026-06-24T14:22:51.947+09:00  INFO 79494 --- [sisibibi-api] [restartedMain] o.h.e.t.j.p.i.JtaPlatformInitiator       : HHH000489: No JTA platform available (set 'hibernate.transaction.jta.platform' to enable JTA platform integration)
2026-06-24T14:22:54.901+09:00  INFO 79494 --- [sisibibi-api] [restartedMain] j.LocalContainerEntityManagerFactoryBean : Initialized JPA EntityManagerFactory for persistence unit 'default'
2026-06-24T14:22:56.351+09:00  WARN 79494 --- [sisibibi-api] [restartedMain] JpaBaseConfiguration$JpaWebConfiguration : spring.jpa.open-in-view is enabled by default. Therefore, database queries may be performed during view rendering. Explicitly configure spring.jpa.open-in-view to disable this warning
2026-06-24T14:22:56.391+09:00  WARN 79494 --- [sisibibi-api] [restartedMain] .s.s.UserDetailsServiceAutoConfiguration : 

Using generated security password: 1ce907c7-bae1-46a2-a919-7eeebff820eb

This generated password is for development use only. Your security configuration must be updated before running your application in production.

2026-06-24T14:22:56.394+09:00  INFO 79494 --- [sisibibi-api] [restartedMain] r$InitializeUserDetailsManagerConfigurer : Global AuthenticationManager configured with UserDetailsService bean with name inMemoryUserDetailsManager
2026-06-24T14:22:56.719+09:00  INFO 79494 --- [sisibibi-api] [restartedMain] o.s.b.a.e.web.EndpointLinksResolver      : Exposing 2 endpoints beneath base path '/actuator'
2026-06-24T14:22:57.755+09:00  INFO 79494 --- [sisibibi-api] [restartedMain] o.s.b.a.h2.H2ConsoleAutoConfiguration    : H2 console available at '/h2-console'. Database available at 'jdbc:mysql://localhost:23306/sisibibi?useSSL=false&allowPublicKeyRetrieval=true&serverTimezone=Asia/Seoul&characterEncoding=UTF-8'
2026-06-24T14:22:57.816+09:00  INFO 79494 --- [sisibibi-api] [restartedMain] o.s.b.d.a.OptionalLiveReloadServer       : LiveReload server is running on port 35729
2026-06-24T14:22:57.908+09:00  INFO 79494 --- [sisibibi-api] [restartedMain] o.s.m.s.b.SimpleBrokerMessageHandler     : Starting...
2026-06-24T14:22:57.908+09:00  INFO 79494 --- [sisibibi-api] [restartedMain] o.s.m.s.b.SimpleBrokerMessageHandler     : BrokerAvailabilityEvent[available=true, SimpleBrokerMessageHandler [org.springframework.messaging.simp.broker.DefaultSubscriptionRegistry@76b3584]]
2026-06-24T14:22:57.909+09:00  INFO 79494 --- [sisibibi-api] [restartedMain] o.s.m.s.b.SimpleBrokerMessageHandler     : Started.
2026-06-24T14:22:57.911+09:00  INFO 79494 --- [sisibibi-api] [restartedMain] o.s.b.w.embedded.tomcat.TomcatWebServer  : Tomcat started on port 8080 (http) with context path '/'
2026-06-24T14:22:57.937+09:00  INFO 79494 --- [sisibibi-api] [restartedMain] o.s.s.config.TaskSchedulerRouter         : More than one TaskScheduler bean exists within the context, and none is named 'taskScheduler'. Mark one of them as primary or name it 'taskScheduler' (possibly as an alias); or implement the SchedulingConfigurer interface and call ScheduledTaskRegistrar#setScheduler explicitly within the configureTasks() callback: [clientInboundChannelExecutor, clientOutboundChannelExecutor, messageBrokerTaskScheduler, webSocketHeartbeatTaskScheduler]
2026-06-24T14:22:57.943+09:00  INFO 79494 --- [sisibibi-api] [restartedMain] com.sisibibi.api.ApiApplication          : Started ApiApplication in 10.173 seconds (process running for 10614.206)
2026-06-24T14:23:00.680+09:00  INFO 79494 --- [sisibibi-api] [http-nio-8080-exec-1] o.a.c.c.C.[Tomcat-2].[localhost].[/]     : Initializing Spring DispatcherServlet 'dispatcherServlet'
2026-06-24T14:23:00.687+09:00  INFO 79494 --- [sisibibi-api] [http-nio-8080-exec-1] o.s.web.servlet.DispatcherServlet        : Initializing Servlet 'dispatcherServlet'
2026-06-24T14:23:01.363+09:00  INFO 79494 --- [sisibibi-api] [http-nio-8080-exec-1] o.s.web.servlet.DispatcherServlet        : Completed initialization in 666 ms
2026-06-24T14:23:03.409+09:00  INFO 79494 --- [sisibibi-api] [restartedMain] c.s.a.g.config.LocalDataInitializer      : Local test data ready. userEmail=local-user@sisibibi.test, adminEmail=local-admin@sisibibi.test, password=test1234!, activeRoomId=1, emptyRoomId=2, closingRoomId=3, closedRoomId=4, userId=1, adminId=9
2026-06-24T14:23:03.457+09:00  INFO 79494 --- [sisibibi-api] [restartedMain] .ConditionEvaluationDeltaLoggingListener : Condition evaluation unchanged
2026-06-24T14:23:57.847+09:00  INFO 79494 --- [sisibibi-api] [MessageBroker-1] o.s.w.s.c.WebSocketMessageBrokerStats    : WebSocketSession[0 current WS(0)-HttpStream(0)-HttpPoll(0), 0 total, 0 closed abnormally (0 connect failure, 0 send limit, 0 transport error)], stompSubProtocol[processed CONNECT(0)-CONNECTED(0)-DISCONNECT(0)], stompBrokerRelay[null], inboundChannel[unknown], outboundChannel[unknown], sockJsScheduler[pool size = 1, active threads = 1, queued tasks = 0, completed tasks = 0]
2026-06-24T14:23:59.669+09:00  INFO 79494 --- [sisibibi-api] [SpringApplicationShutdownHook] o.s.b.w.e.tomcat.GracefulShutdown        : Commencing graceful shutdown. Waiting for active requests to complete
2026-06-24T14:23:59.682+09:00  INFO 79494 --- [sisibibi-api] [tomcat-shutdown] o.s.b.w.e.tomcat.GracefulShutdown        : Graceful shutdown complete
2026-06-24T14:23:59.743+09:00  INFO 79494 --- [sisibibi-api] [SpringApplicationShutdownHook] o.s.m.s.b.SimpleBrokerMessageHandler     : Stopping...
2026-06-24T14:23:59.743+09:00  INFO 79494 --- [sisibibi-api] [SpringApplicationShutdownHook] o.s.m.s.b.SimpleBrokerMessageHandler     : BrokerAvailabilityEvent[available=false, SimpleBrokerMessageHandler [org.springframework.messaging.simp.broker.DefaultSubscriptionRegistry@76b3584]]
2026-06-24T14:23:59.744+09:00  INFO 79494 --- [sisibibi-api] [SpringApplicationShutdownHook] o.s.m.s.b.SimpleBrokerMessageHandler     : Stopped.
2026-06-24T14:23:59.849+09:00  INFO 79494 --- [sisibibi-api] [SpringApplicationShutdownHook] j.LocalContainerEntityManagerFactoryBean : Closing JPA EntityManagerFactory for persistence unit 'default'
2026-06-24T14:23:59.868+09:00  INFO 79494 --- [sisibibi-api] [SpringApplicationShutdownHook] com.zaxxer.hikari.HikariDataSource       : HikariPool-5 - Shutdown initiated...
2026-06-24T14:23:59.901+09:00  INFO 79494 --- [sisibibi-api] [SpringApplicationShutdownHook] com.zaxxer.hikari.HikariDataSource       : HikariPool-5 - Shutdown completed.
2026-06-24T14:24:04.757+09:00  INFO 64209 --- [sisibibi-api] [restartedMain] com.sisibibi.api.ApiApplication          : Starting ApiApplication using Java 21.0.7 with PID 64209 (/Users/admin/programmers_final_project/backend/out/production/classes started by admin in /Users/admin/programmers_final_project)
2026-06-24T14:24:04.760+09:00  INFO 64209 --- [sisibibi-api] [restartedMain] com.sisibibi.api.ApiApplication          : The following 2 profiles are active: "local", "monitoring"
2026-06-24T14:24:05.143+09:00  INFO 64209 --- [sisibibi-api] [restartedMain] .e.DevToolsPropertyDefaultsPostProcessor : Devtools property defaults active! Set 'spring.devtools.add-properties' to 'false' to disable
2026-06-24T14:24:05.143+09:00  INFO 64209 --- [sisibibi-api] [restartedMain] .e.DevToolsPropertyDefaultsPostProcessor : For additional web related logging consider setting the 'logging.level.web' property to 'DEBUG'
2026-06-24T14:24:08.736+09:00  INFO 64209 --- [sisibibi-api] [restartedMain] .s.d.r.c.RepositoryConfigurationDelegate : Multiple Spring Data modules found, entering strict repository configuration mode
2026-06-24T14:24:08.740+09:00  INFO 64209 --- [sisibibi-api] [restartedMain] .s.d.r.c.RepositoryConfigurationDelegate : Bootstrapping Spring Data JPA repositories in DEFAULT mode.
2026-06-24T14:24:09.081+09:00  INFO 64209 --- [sisibibi-api] [restartedMain] .s.d.r.c.RepositoryConfigurationDelegate : Finished Spring Data repository scanning in 315 ms. Found 11 JPA repository interfaces.
2026-06-24T14:24:09.138+09:00  INFO 64209 --- [sisibibi-api] [restartedMain] .s.d.r.c.RepositoryConfigurationDelegate : Multiple Spring Data modules found, entering strict repository configuration mode
2026-06-24T14:24:09.146+09:00  INFO 64209 --- [sisibibi-api] [restartedMain] .s.d.r.c.RepositoryConfigurationDelegate : Bootstrapping Spring Data Redis repositories in DEFAULT mode.
2026-06-24T14:24:09.294+09:00  INFO 64209 --- [sisibibi-api] [restartedMain] .RepositoryConfigurationExtensionSupport : Spring Data Redis - Could not safely identify store assignment for repository candidate interface com.sisibibi.api.domain.chat.repository.ChatMessageRepository; If you want this repository to be a Redis repository, consider annotating your entities with one of these annotations: org.springframework.data.redis.core.RedisHash (preferred), or consider extending one of the following types with your repository: org.springframework.data.keyvalue.repository.KeyValueRepository
2026-06-24T14:24:09.294+09:00  INFO 64209 --- [sisibibi-api] [restartedMain] .RepositoryConfigurationExtensionSupport : Spring Data Redis - Could not safely identify store assignment for repository candidate interface com.sisibibi.api.domain.report.repository.AiReportRepository; If you want this repository to be a Redis repository, consider annotating your entities with one of these annotations: org.springframework.data.redis.core.RedisHash (preferred), or consider extending one of the following types with your repository: org.springframework.data.keyvalue.repository.KeyValueRepository
2026-06-24T14:24:09.294+09:00  INFO 64209 --- [sisibibi-api] [restartedMain] .RepositoryConfigurationExtensionSupport : Spring Data Redis - Could not safely identify store assignment for repository candidate interface com.sisibibi.api.domain.room.repository.RoomRepository; If you want this repository to be a Redis repository, consider annotating your entities with one of these annotations: org.springframework.data.redis.core.RedisHash (preferred), or consider extending one of the following types with your repository: org.springframework.data.keyvalue.repository.KeyValueRepository
2026-06-24T14:24:09.295+09:00  INFO 64209 --- [sisibibi-api] [restartedMain] .RepositoryConfigurationExtensionSupport : Spring Data Redis - Could not safely identify store assignment for repository candidate interface com.sisibibi.api.domain.roomparticipant.repository.RoomParticipantRepository; If you want this repository to be a Redis repository, consider annotating your entities with one of these annotations: org.springframework.data.redis.core.RedisHash (preferred), or consider extending one of the following types with your repository: org.springframework.data.keyvalue.repository.KeyValueRepository
2026-06-24T14:24:09.337+09:00  INFO 64209 --- [sisibibi-api] [restartedMain] .RepositoryConfigurationExtensionSupport : Spring Data Redis - Could not safely identify store assignment for repository candidate interface com.sisibibi.api.domain.speech.repository.SpeakingQueueRepository; If you want this repository to be a Redis repository, consider annotating your entities with one of these annotations: org.springframework.data.redis.core.RedisHash (preferred), or consider extending one of the following types with your repository: org.springframework.data.keyvalue.repository.KeyValueRepository
2026-06-24T14:24:09.348+09:00  INFO 64209 --- [sisibibi-api] [restartedMain] .RepositoryConfigurationExtensionSupport : Spring Data Redis - Could not safely identify store assignment for repository candidate interface com.sisibibi.api.domain.speech.repository.SpeechRepository; If you want this repository to be a Redis repository, consider annotating your entities with one of these annotations: org.springframework.data.redis.core.RedisHash (preferred), or consider extending one of the following types with your repository: org.springframework.data.keyvalue.repository.KeyValueRepository
2026-06-24T14:24:09.360+09:00  INFO 64209 --- [sisibibi-api] [restartedMain] .RepositoryConfigurationExtensionSupport : Spring Data Redis - Could not safely identify store assignment for repository candidate interface com.sisibibi.api.domain.speechreaction.repository.SpeechReactionRepository; If you want this repository to be a Redis repository, consider annotating your entities with one of these annotations: org.springframework.data.redis.core.RedisHash (preferred), or consider extending one of the following types with your repository: org.springframework.data.keyvalue.repository.KeyValueRepository
2026-06-24T14:24:09.443+09:00  INFO 64209 --- [sisibibi-api] [restartedMain] .RepositoryConfigurationExtensionSupport : Spring Data Redis - Could not safely identify store assignment for repository candidate interface com.sisibibi.api.domain.speechreport.repository.SpeechReportRepository; If you want this repository to be a Redis repository, consider annotating your entities with one of these annotations: org.springframework.data.redis.core.RedisHash (preferred), or consider extending one of the following types with your repository: org.springframework.data.keyvalue.repository.KeyValueRepository
2026-06-24T14:24:09.444+09:00  INFO 64209 --- [sisibibi-api] [restartedMain] .RepositoryConfigurationExtensionSupport : Spring Data Redis - Could not safely identify store assignment for repository candidate interface com.sisibibi.api.domain.topic.repository.TopicRepository; If you want this repository to be a Redis repository, consider annotating your entities with one of these annotations: org.springframework.data.redis.core.RedisHash (preferred), or consider extending one of the following types with your repository: org.springframework.data.keyvalue.repository.KeyValueRepository
2026-06-24T14:24:09.445+09:00  INFO 64209 --- [sisibibi-api] [restartedMain] .RepositoryConfigurationExtensionSupport : Spring Data Redis - Could not safely identify store assignment for repository candidate interface com.sisibibi.api.domain.user.repository.UserRepository; If you want this repository to be a Redis repository, consider annotating your entities with one of these annotations: org.springframework.data.redis.core.RedisHash (preferred), or consider extending one of the following types with your repository: org.springframework.data.keyvalue.repository.KeyValueRepository
2026-06-24T14:24:09.446+09:00  INFO 64209 --- [sisibibi-api] [restartedMain] .RepositoryConfigurationExtensionSupport : Spring Data Redis - Could not safely identify store assignment for repository candidate interface com.sisibibi.api.domain.usersanction.repository.UserSanctionRepository; If you want this repository to be a Redis repository, consider annotating your entities with one of these annotations: org.springframework.data.redis.core.RedisHash (preferred), or consider extending one of the following types with your repository: org.springframework.data.keyvalue.repository.KeyValueRepository
2026-06-24T14:24:09.447+09:00  INFO 64209 --- [sisibibi-api] [restartedMain] .s.d.r.c.RepositoryConfigurationDelegate : Finished Spring Data repository scanning in 233 ms. Found 0 Redis repository interfaces.
2026-06-24T14:24:10.293+09:00  INFO 64209 --- [sisibibi-api] [restartedMain] o.s.b.w.embedded.tomcat.TomcatWebServer  : Tomcat initialized with port 8080 (http)
2026-06-24T14:24:10.304+09:00  INFO 64209 --- [sisibibi-api] [restartedMain] o.apache.catalina.core.StandardService   : Starting service [Tomcat]
2026-06-24T14:24:10.305+09:00  INFO 64209 --- [sisibibi-api] [restartedMain] o.apache.catalina.core.StandardEngine    : Starting Servlet engine: [Apache Tomcat/10.1.53]
2026-06-24T14:24:10.344+09:00  INFO 64209 --- [sisibibi-api] [restartedMain] o.a.c.c.C.[Tomcat].[localhost].[/]       : Initializing Spring embedded WebApplicationContext
2026-06-24T14:24:10.344+09:00  INFO 64209 --- [sisibibi-api] [restartedMain] w.s.c.ServletWebServerApplicationContext : Root WebApplicationContext: initialization completed in 5200 ms
2026-06-24T14:24:10.680+09:00  INFO 64209 --- [sisibibi-api] [restartedMain] o.hibernate.jpa.internal.util.LogHelper  : HHH000204: Processing PersistenceUnitInfo [name: default]
2026-06-24T14:24:10.719+09:00  INFO 64209 --- [sisibibi-api] [restartedMain] org.hibernate.Version                    : HHH000412: Hibernate ORM core version 6.6.45.Final
2026-06-24T14:24:10.740+09:00  INFO 64209 --- [sisibibi-api] [restartedMain] o.h.c.internal.RegionFactoryInitiator    : HHH000026: Second-level cache disabled
2026-06-24T14:24:10.928+09:00  INFO 64209 --- [sisibibi-api] [restartedMain] o.s.o.j.p.SpringPersistenceUnitInfo      : No LoadTimeWeaver setup: ignoring JPA class transformer
2026-06-24T14:24:10.948+09:00  INFO 64209 --- [sisibibi-api] [restartedMain] com.zaxxer.hikari.HikariDataSource       : HikariPool-1 - Starting...
2026-06-24T14:24:11.081+09:00  INFO 64209 --- [sisibibi-api] [restartedMain] com.zaxxer.hikari.pool.HikariPool        : HikariPool-1 - Added connection com.mysql.cj.jdbc.ConnectionImpl@6d3e4dd5
2026-06-24T14:24:11.082+09:00  INFO 64209 --- [sisibibi-api] [restartedMain] com.zaxxer.hikari.HikariDataSource       : HikariPool-1 - Start completed.
2026-06-24T14:24:11.165+09:00  INFO 64209 --- [sisibibi-api] [restartedMain] org.hibernate.orm.connections.pooling    : HHH10001005: Database info:
	Database JDBC URL [Connecting through datasource 'HikariDataSource (HikariPool-1)']
	Database driver: undefined/unknown
	Database version: 8.0.46
	Autocommit mode: undefined/unknown
	Isolation level: undefined/unknown
	Minimum pool size: undefined/unknown
	Maximum pool size: undefined/unknown
2026-06-24T14:24:12.100+09:00  INFO 64209 --- [sisibibi-api] [restartedMain] o.h.e.t.j.p.i.JtaPlatformInitiator       : HHH000489: No JTA platform available (set 'hibernate.transaction.jta.platform' to enable JTA platform integration)
2026-06-24T14:24:12.791+09:00  INFO 64209 --- [sisibibi-api] [restartedMain] j.LocalContainerEntityManagerFactoryBean : Initialized JPA EntityManagerFactory for persistence unit 'default'
2026-06-24T14:24:12.960+09:00  INFO 64209 --- [sisibibi-api] [restartedMain] o.s.d.j.r.query.QueryEnhancerFactory     : Hibernate is in classpath; If applicable, HQL parser will be used.
2026-06-24T14:24:15.018+09:00  WARN 64209 --- [sisibibi-api] [restartedMain] JpaBaseConfiguration$JpaWebConfiguration : spring.jpa.open-in-view is enabled by default. Therefore, database queries may be performed during view rendering. Explicitly configure spring.jpa.open-in-view to disable this warning
2026-06-24T14:24:15.058+09:00  WARN 64209 --- [sisibibi-api] [restartedMain] .s.s.UserDetailsServiceAutoConfiguration : 

Using generated security password: 7c92a0e1-6b30-4592-b7c0-fc71343169d4

This generated password is for development use only. Your security configuration must be updated before running your application in production.

2026-06-24T14:24:15.071+09:00  INFO 64209 --- [sisibibi-api] [restartedMain] r$InitializeUserDetailsManagerConfigurer : Global AuthenticationManager configured with UserDetailsService bean with name inMemoryUserDetailsManager
2026-06-24T14:24:15.717+09:00  INFO 64209 --- [sisibibi-api] [restartedMain] o.s.b.a.e.web.EndpointLinksResolver      : Exposing 2 endpoints beneath base path '/actuator'
2026-06-24T14:24:16.297+09:00  INFO 64209 --- [sisibibi-api] [restartedMain] o.s.b.a.h2.H2ConsoleAutoConfiguration    : H2 console available at '/h2-console'. Database available at 'jdbc:mysql://localhost:23306/sisibibi?useSSL=false&allowPublicKeyRetrieval=true&serverTimezone=Asia/Seoul&characterEncoding=UTF-8'
2026-06-24T14:24:16.387+09:00  INFO 64209 --- [sisibibi-api] [restartedMain] o.s.b.d.a.OptionalLiveReloadServer       : LiveReload server is running on port 35729
2026-06-24T14:24:16.447+09:00  INFO 64209 --- [sisibibi-api] [restartedMain] o.s.m.s.b.SimpleBrokerMessageHandler     : Starting...
2026-06-24T14:24:16.447+09:00  INFO 64209 --- [sisibibi-api] [restartedMain] o.s.m.s.b.SimpleBrokerMessageHandler     : BrokerAvailabilityEvent[available=true, SimpleBrokerMessageHandler [org.springframework.messaging.simp.broker.DefaultSubscriptionRegistry@2443322c]]
2026-06-24T14:24:16.448+09:00  INFO 64209 --- [sisibibi-api] [restartedMain] o.s.m.s.b.SimpleBrokerMessageHandler     : Started.
2026-06-24T14:24:16.459+09:00  INFO 64209 --- [sisibibi-api] [restartedMain] o.s.b.w.embedded.tomcat.TomcatWebServer  : Tomcat started on port 8080 (http) with context path '/'
2026-06-24T14:24:16.473+09:00  INFO 64209 --- [sisibibi-api] [restartedMain] o.s.s.config.TaskSchedulerRouter         : More than one TaskScheduler bean exists within the context, and none is named 'taskScheduler'. Mark one of them as primary or name it 'taskScheduler' (possibly as an alias); or implement the SchedulingConfigurer interface and call ScheduledTaskRegistrar#setScheduler explicitly within the configureTasks() callback: [clientInboundChannelExecutor, clientOutboundChannelExecutor, messageBrokerTaskScheduler, webSocketHeartbeatTaskScheduler]
2026-06-24T14:24:16.478+09:00  INFO 64209 --- [sisibibi-api] [restartedMain] com.sisibibi.api.ApiApplication          : Started ApiApplication in 12.905 seconds (process running for 15.021)
2026-06-24T14:24:18.248+09:00  INFO 64209 --- [sisibibi-api] [restartedMain] c.s.a.g.config.LocalDataInitializer      : Local test data ready. userEmail=local-user@sisibibi.test, adminEmail=local-admin@sisibibi.test, password=test1234!, activeRoomId=1, emptyRoomId=2, closingRoomId=3, closedRoomId=4, userId=1, adminId=9
2026-06-24T14:24:20.083+09:00  INFO 64209 --- [sisibibi-api] [http-nio-8080-exec-1] o.a.c.c.C.[Tomcat].[localhost].[/]       : Initializing Spring DispatcherServlet 'dispatcherServlet'
2026-06-24T14:24:20.084+09:00  INFO 64209 --- [sisibibi-api] [http-nio-8080-exec-1] o.s.web.servlet.DispatcherServlet        : Initializing Servlet 'dispatcherServlet'
2026-06-24T14:24:20.098+09:00  INFO 64209 --- [sisibibi-api] [http-nio-8080-exec-1] o.s.web.servlet.DispatcherServlet        : Completed initialization in 14 ms
2026-06-24T14:25:16.450+09:00  INFO 64209 --- [sisibibi-api] [MessageBroker-1] o.s.w.s.c.WebSocketMessageBrokerStats    : WebSocketSession[0 current WS(0)-HttpStream(0)-HttpPoll(0), 0 total, 0 closed abnormally (0 connect failure, 0 send limit, 0 transport error)], stompSubProtocol[processed CONNECT(0)-CONNECTED(0)-DISCONNECT(0)], stompBrokerRelay[null], inboundChannel[unknown], outboundChannel[unknown], sockJsScheduler[pool size = 1, active threads = 1, queued tasks = 0, completed tasks = 0]
2026-06-24T14:27:33.721+09:00  INFO 64209 --- [sisibibi-api] [SpringApplicationShutdownHook] o.s.b.w.e.tomcat.GracefulShutdown        : Commencing graceful shutdown. Waiting for active requests to complete
2026-06-24T14:27:33.733+09:00  INFO 64209 --- [sisibibi-api] [tomcat-shutdown] o.s.b.w.e.tomcat.GracefulShutdown        : Graceful shutdown complete
2026-06-24T14:27:33.744+09:00  INFO 64209 --- [sisibibi-api] [SpringApplicationShutdownHook] o.s.m.s.b.SimpleBrokerMessageHandler     : Stopping...
2026-06-24T14:27:33.745+09:00  INFO 64209 --- [sisibibi-api] [SpringApplicationShutdownHook] o.s.m.s.b.SimpleBrokerMessageHandler     : BrokerAvailabilityEvent[available=false, SimpleBrokerMessageHandler [org.springframework.messaging.simp.broker.DefaultSubscriptionRegistry@2443322c]]
2026-06-24T14:27:33.745+09:00  INFO 64209 --- [sisibibi-api] [SpringApplicationShutdownHook] o.s.m.s.b.SimpleBrokerMessageHandler     : Stopped.
2026-06-24T14:27:33.842+09:00  INFO 64209 --- [sisibibi-api] [SpringApplicationShutdownHook] j.LocalContainerEntityManagerFactoryBean : Closing JPA EntityManagerFactory for persistence unit 'default'
2026-06-24T14:27:33.874+09:00  INFO 64209 --- [sisibibi-api] [SpringApplicationShutdownHook] com.zaxxer.hikari.HikariDataSource       : HikariPool-1 - Shutdown initiated...
2026-06-24T14:27:33.910+09:00  INFO 64209 --- [sisibibi-api] [SpringApplicationShutdownHook] com.zaxxer.hikari.HikariDataSource       : HikariPool-1 - Shutdown completed.
2026-06-24T14:27:38.377+09:00  INFO 66119 --- [sisibibi-api] [restartedMain] com.sisibibi.api.ApiApplication          : Starting ApiApplication using Java 21.0.7 with PID 66119 (/Users/admin/programmers_final_project/backend/out/production/classes started by admin in /Users/admin/programmers_final_project)
2026-06-24T14:27:38.378+09:00  INFO 66119 --- [sisibibi-api] [restartedMain] com.sisibibi.api.ApiApplication          : The following 2 profiles are active: "local", "monitoring"
2026-06-24T14:27:38.410+09:00  INFO 66119 --- [sisibibi-api] [restartedMain] .e.DevToolsPropertyDefaultsPostProcessor : Devtools property defaults active! Set 'spring.devtools.add-properties' to 'false' to disable
2026-06-24T14:27:38.410+09:00  INFO 66119 --- [sisibibi-api] [restartedMain] .e.DevToolsPropertyDefaultsPostProcessor : For additional web related logging consider setting the 'logging.level.web' property to 'DEBUG'
2026-06-24T14:27:41.721+09:00  INFO 66119 --- [sisibibi-api] [restartedMain] .s.d.r.c.RepositoryConfigurationDelegate : Multiple Spring Data modules found, entering strict repository configuration mode
2026-06-24T14:27:41.723+09:00  INFO 66119 --- [sisibibi-api] [restartedMain] .s.d.r.c.RepositoryConfigurationDelegate : Bootstrapping Spring Data JPA repositories in DEFAULT mode.
2026-06-24T14:27:42.110+09:00  INFO 66119 --- [sisibibi-api] [restartedMain] .s.d.r.c.RepositoryConfigurationDelegate : Finished Spring Data repository scanning in 372 ms. Found 11 JPA repository interfaces.
2026-06-24T14:27:42.146+09:00  INFO 66119 --- [sisibibi-api] [restartedMain] .s.d.r.c.RepositoryConfigurationDelegate : Multiple Spring Data modules found, entering strict repository configuration mode
2026-06-24T14:27:42.151+09:00  INFO 66119 --- [sisibibi-api] [restartedMain] .s.d.r.c.RepositoryConfigurationDelegate : Bootstrapping Spring Data Redis repositories in DEFAULT mode.
2026-06-24T14:27:42.204+09:00  INFO 66119 --- [sisibibi-api] [restartedMain] .RepositoryConfigurationExtensionSupport : Spring Data Redis - Could not safely identify store assignment for repository candidate interface com.sisibibi.api.domain.chat.repository.ChatMessageRepository; If you want this repository to be a Redis repository, consider annotating your entities with one of these annotations: org.springframework.data.redis.core.RedisHash (preferred), or consider extending one of the following types with your repository: org.springframework.data.keyvalue.repository.KeyValueRepository
2026-06-24T14:27:42.204+09:00  INFO 66119 --- [sisibibi-api] [restartedMain] .RepositoryConfigurationExtensionSupport : Spring Data Redis - Could not safely identify store assignment for repository candidate interface com.sisibibi.api.domain.report.repository.AiReportRepository; If you want this repository to be a Redis repository, consider annotating your entities with one of these annotations: org.springframework.data.redis.core.RedisHash (preferred), or consider extending one of the following types with your repository: org.springframework.data.keyvalue.repository.KeyValueRepository
2026-06-24T14:27:42.205+09:00  INFO 66119 --- [sisibibi-api] [restartedMain] .RepositoryConfigurationExtensionSupport : Spring Data Redis - Could not safely identify store assignment for repository candidate interface com.sisibibi.api.domain.room.repository.RoomRepository; If you want this repository to be a Redis repository, consider annotating your entities with one of these annotations: org.springframework.data.redis.core.RedisHash (preferred), or consider extending one of the following types with your repository: org.springframework.data.keyvalue.repository.KeyValueRepository
2026-06-24T14:27:42.205+09:00  INFO 66119 --- [sisibibi-api] [restartedMain] .RepositoryConfigurationExtensionSupport : Spring Data Redis - Could not safely identify store assignment for repository candidate interface com.sisibibi.api.domain.roomparticipant.repository.RoomParticipantRepository; If you want this repository to be a Redis repository, consider annotating your entities with one of these annotations: org.springframework.data.redis.core.RedisHash (preferred), or consider extending one of the following types with your repository: org.springframework.data.keyvalue.repository.KeyValueRepository
2026-06-24T14:27:42.205+09:00  INFO 66119 --- [sisibibi-api] [restartedMain] .RepositoryConfigurationExtensionSupport : Spring Data Redis - Could not safely identify store assignment for repository candidate interface com.sisibibi.api.domain.speech.repository.SpeakingQueueRepository; If you want this repository to be a Redis repository, consider annotating your entities with one of these annotations: org.springframework.data.redis.core.RedisHash (preferred), or consider extending one of the following types with your repository: org.springframework.data.keyvalue.repository.KeyValueRepository
2026-06-24T14:27:42.205+09:00  INFO 66119 --- [sisibibi-api] [restartedMain] .RepositoryConfigurationExtensionSupport : Spring Data Redis - Could not safely identify store assignment for repository candidate interface com.sisibibi.api.domain.speech.repository.SpeechRepository; If you want this repository to be a Redis repository, consider annotating your entities with one of these annotations: org.springframework.data.redis.core.RedisHash (preferred), or consider extending one of the following types with your repository: org.springframework.data.keyvalue.repository.KeyValueRepository
2026-06-24T14:27:42.205+09:00  INFO 66119 --- [sisibibi-api] [restartedMain] .RepositoryConfigurationExtensionSupport : Spring Data Redis - Could not safely identify store assignment for repository candidate interface com.sisibibi.api.domain.speechreaction.repository.SpeechReactionRepository; If you want this repository to be a Redis repository, consider annotating your entities with one of these annotations: org.springframework.data.redis.core.RedisHash (preferred), or consider extending one of the following types with your repository: org.springframework.data.keyvalue.repository.KeyValueRepository
2026-06-24T14:27:42.205+09:00  INFO 66119 --- [sisibibi-api] [restartedMain] .RepositoryConfigurationExtensionSupport : Spring Data Redis - Could not safely identify store assignment for repository candidate interface com.sisibibi.api.domain.speechreport.repository.SpeechReportRepository; If you want this repository to be a Redis repository, consider annotating your entities with one of these annotations: org.springframework.data.redis.core.RedisHash (preferred), or consider extending one of the following types with your repository: org.springframework.data.keyvalue.repository.KeyValueRepository
2026-06-24T14:27:42.205+09:00  INFO 66119 --- [sisibibi-api] [restartedMain] .RepositoryConfigurationExtensionSupport : Spring Data Redis - Could not safely identify store assignment for repository candidate interface com.sisibibi.api.domain.topic.repository.TopicRepository; If you want this repository to be a Redis repository, consider annotating your entities with one of these annotations: org.springframework.data.redis.core.RedisHash (preferred), or consider extending one of the following types with your repository: org.springframework.data.keyvalue.repository.KeyValueRepository
2026-06-24T14:27:42.206+09:00  INFO 66119 --- [sisibibi-api] [restartedMain] .RepositoryConfigurationExtensionSupport : Spring Data Redis - Could not safely identify store assignment for repository candidate interface com.sisibibi.api.domain.user.repository.UserRepository; If you want this repository to be a Redis repository, consider annotating your entities with one of these annotations: org.springframework.data.redis.core.RedisHash (preferred), or consider extending one of the following types with your repository: org.springframework.data.keyvalue.repository.KeyValueRepository
2026-06-24T14:27:42.206+09:00  INFO 66119 --- [sisibibi-api] [restartedMain] .RepositoryConfigurationExtensionSupport : Spring Data Redis - Could not safely identify store assignment for repository candidate interface com.sisibibi.api.domain.usersanction.repository.UserSanctionRepository; If you want this repository to be a Redis repository, consider annotating your entities with one of these annotations: org.springframework.data.redis.core.RedisHash (preferred), or consider extending one of the following types with your repository: org.springframework.data.keyvalue.repository.KeyValueRepository
2026-06-24T14:27:42.206+09:00  INFO 66119 --- [sisibibi-api] [restartedMain] .s.d.r.c.RepositoryConfigurationDelegate : Finished Spring Data repository scanning in 29 ms. Found 0 Redis repository interfaces.
2026-06-24T14:27:44.134+09:00  INFO 66119 --- [sisibibi-api] [restartedMain] o.s.b.w.embedded.tomcat.TomcatWebServer  : Tomcat initialized with port 8080 (http)
2026-06-24T14:27:44.149+09:00  INFO 66119 --- [sisibibi-api] [restartedMain] o.apache.catalina.core.StandardService   : Starting service [Tomcat]
2026-06-24T14:27:44.149+09:00  INFO 66119 --- [sisibibi-api] [restartedMain] o.apache.catalina.core.StandardEngine    : Starting Servlet engine: [Apache Tomcat/10.1.53]
2026-06-24T14:27:44.278+09:00  INFO 66119 --- [sisibibi-api] [restartedMain] o.a.c.c.C.[Tomcat].[localhost].[/]       : Initializing Spring embedded WebApplicationContext
2026-06-24T14:27:44.279+09:00  INFO 66119 --- [sisibibi-api] [restartedMain] w.s.c.ServletWebServerApplicationContext : Root WebApplicationContext: initialization completed in 5869 ms
2026-06-24T14:27:44.789+09:00  INFO 66119 --- [sisibibi-api] [restartedMain] o.hibernate.jpa.internal.util.LogHelper  : HHH000204: Processing PersistenceUnitInfo [name: default]
2026-06-24T14:27:44.855+09:00  INFO 66119 --- [sisibibi-api] [restartedMain] org.hibernate.Version                    : HHH000412: Hibernate ORM core version 6.6.45.Final
2026-06-24T14:27:44.883+09:00  INFO 66119 --- [sisibibi-api] [restartedMain] o.h.c.internal.RegionFactoryInitiator    : HHH000026: Second-level cache disabled
2026-06-24T14:27:45.140+09:00  INFO 66119 --- [sisibibi-api] [restartedMain] o.s.o.j.p.SpringPersistenceUnitInfo      : No LoadTimeWeaver setup: ignoring JPA class transformer
2026-06-24T14:27:45.164+09:00  INFO 66119 --- [sisibibi-api] [restartedMain] com.zaxxer.hikari.HikariDataSource       : HikariPool-1 - Starting...
2026-06-24T14:27:45.330+09:00  INFO 66119 --- [sisibibi-api] [restartedMain] com.zaxxer.hikari.pool.HikariPool        : HikariPool-1 - Added connection com.mysql.cj.jdbc.ConnectionImpl@652ae408
2026-06-24T14:27:45.331+09:00  INFO 66119 --- [sisibibi-api] [restartedMain] com.zaxxer.hikari.HikariDataSource       : HikariPool-1 - Start completed.
2026-06-24T14:27:45.429+09:00  INFO 66119 --- [sisibibi-api] [restartedMain] org.hibernate.orm.connections.pooling    : HHH10001005: Database info:
	Database JDBC URL [Connecting through datasource 'HikariDataSource (HikariPool-1)']
	Database driver: undefined/unknown
	Database version: 8.0.46
	Autocommit mode: undefined/unknown
	Isolation level: undefined/unknown
	Minimum pool size: undefined/unknown
	Maximum pool size: undefined/unknown
2026-06-24T14:27:46.239+09:00  INFO 66119 --- [sisibibi-api] [restartedMain] o.h.e.t.j.p.i.JtaPlatformInitiator       : HHH000489: No JTA platform available (set 'hibernate.transaction.jta.platform' to enable JTA platform integration)
2026-06-24T14:27:48.056+09:00  INFO 66119 --- [sisibibi-api] [restartedMain] j.LocalContainerEntityManagerFactoryBean : Initialized JPA EntityManagerFactory for persistence unit 'default'
2026-06-24T14:27:48.936+09:00  INFO 66119 --- [sisibibi-api] [restartedMain] o.s.d.j.r.query.QueryEnhancerFactory     : Hibernate is in classpath; If applicable, HQL parser will be used.
2026-06-24T14:27:52.873+09:00  WARN 66119 --- [sisibibi-api] [restartedMain] JpaBaseConfiguration$JpaWebConfiguration : spring.jpa.open-in-view is enabled by default. Therefore, database queries may be performed during view rendering. Explicitly configure spring.jpa.open-in-view to disable this warning
2026-06-24T14:27:52.902+09:00  WARN 66119 --- [sisibibi-api] [restartedMain] .s.s.UserDetailsServiceAutoConfiguration : 

Using generated security password: 46528954-aca3-495b-a90b-7afd0837d89e

This generated password is for development use only. Your security configuration must be updated before running your application in production.

2026-06-24T14:27:52.910+09:00  INFO 66119 --- [sisibibi-api] [restartedMain] r$InitializeUserDetailsManagerConfigurer : Global AuthenticationManager configured with UserDetailsService bean with name inMemoryUserDetailsManager
2026-06-24T14:27:53.369+09:00  INFO 66119 --- [sisibibi-api] [restartedMain] o.s.b.a.e.web.EndpointLinksResolver      : Exposing 2 endpoints beneath base path '/actuator'
2026-06-24T14:27:53.736+09:00  INFO 66119 --- [sisibibi-api] [restartedMain] o.s.b.a.h2.H2ConsoleAutoConfiguration    : H2 console available at '/h2-console'. Database available at 'jdbc:mysql://localhost:23306/sisibibi?useSSL=false&allowPublicKeyRetrieval=true&serverTimezone=Asia/Seoul&characterEncoding=UTF-8'
2026-06-24T14:27:53.803+09:00  INFO 66119 --- [sisibibi-api] [restartedMain] o.s.b.d.a.OptionalLiveReloadServer       : LiveReload server is running on port 35729
2026-06-24T14:27:53.851+09:00  INFO 66119 --- [sisibibi-api] [restartedMain] o.s.m.s.b.SimpleBrokerMessageHandler     : Starting...
2026-06-24T14:27:53.851+09:00  INFO 66119 --- [sisibibi-api] [restartedMain] o.s.m.s.b.SimpleBrokerMessageHandler     : BrokerAvailabilityEvent[available=true, SimpleBrokerMessageHandler [org.springframework.messaging.simp.broker.DefaultSubscriptionRegistry@188c3c02]]
2026-06-24T14:27:53.852+09:00  INFO 66119 --- [sisibibi-api] [restartedMain] o.s.m.s.b.SimpleBrokerMessageHandler     : Started.
2026-06-24T14:27:53.860+09:00  INFO 66119 --- [sisibibi-api] [restartedMain] o.s.b.w.embedded.tomcat.TomcatWebServer  : Tomcat started on port 8080 (http) with context path '/'
2026-06-24T14:27:53.871+09:00  INFO 66119 --- [sisibibi-api] [restartedMain] o.s.s.config.TaskSchedulerRouter         : More than one TaskScheduler bean exists within the context, and none is named 'taskScheduler'. Mark one of them as primary or name it 'taskScheduler' (possibly as an alias); or implement the SchedulingConfigurer interface and call ScheduledTaskRegistrar#setScheduler explicitly within the configureTasks() callback: [clientInboundChannelExecutor, clientOutboundChannelExecutor, messageBrokerTaskScheduler, webSocketHeartbeatTaskScheduler]
2026-06-24T14:27:53.875+09:00  INFO 66119 --- [sisibibi-api] [restartedMain] com.sisibibi.api.ApiApplication          : Started ApiApplication in 15.849 seconds (process running for 16.634)
2026-06-24T14:27:56.088+09:00  INFO 66119 --- [sisibibi-api] [http-nio-8080-exec-1] o.a.c.c.C.[Tomcat].[localhost].[/]       : Initializing Spring DispatcherServlet 'dispatcherServlet'
2026-06-24T14:27:56.089+09:00  INFO 66119 --- [sisibibi-api] [http-nio-8080-exec-1] o.s.web.servlet.DispatcherServlet        : Initializing Servlet 'dispatcherServlet'
2026-06-24T14:27:56.112+09:00  INFO 66119 --- [sisibibi-api] [http-nio-8080-exec-1] o.s.web.servlet.DispatcherServlet        : Completed initialization in 22 ms
2026-06-24T14:27:57.088+09:00  INFO 66119 --- [sisibibi-api] [restartedMain] c.s.a.g.config.LocalDataInitializer      : Local test data ready. userEmail=local-user@sisibibi.test, adminEmail=local-admin@sisibibi.test, password=test1234!, activeRoomId=1, emptyRoomId=2, closingRoomId=3, closedRoomId=4, userId=1, adminId=9
2026-06-24T14:28:53.908+09:00  INFO 66119 --- [sisibibi-api] [MessageBroker-1] o.s.w.s.c.WebSocketMessageBrokerStats    : WebSocketSession[0 current WS(0)-HttpStream(0)-HttpPoll(0), 0 total, 0 closed abnormally (0 connect failure, 0 send limit, 0 transport error)], stompSubProtocol[processed CONNECT(0)-CONNECTED(0)-DISCONNECT(0)], stompBrokerRelay[null], inboundChannel[unknown], outboundChannel[unknown], sockJsScheduler[pool size = 1, active threads = 1, queued tasks = 0, completed tasks = 0]
2026-06-24T14:29:46.891+09:00  INFO 66119 --- [sisibibi-api] [http-nio-8080-exec-2] c.s.a.d.s.service.SpeakingQueueService   : Speaking request created. roomId=990001, userId=990083, queueOrder=1, status=WAITING
2026-06-24T14:29:48.224+09:00  WARN 66119 --- [sisibibi-api] [http-nio-8080-exec-42] o.h.engine.jdbc.spi.SqlExceptionHelper   : SQL Error: 1062, SQLState: 23000
2026-06-24T14:29:48.225+09:00 ERROR 66119 --- [sisibibi-api] [http-nio-8080-exec-42] o.h.engine.jdbc.spi.SqlExceptionHelper   : Duplicate entry '990001-1' for key 'speaking_queue.uk_speaking_queue_room_order'
2026-06-24T14:29:48.264+09:00  WARN 66119 --- [sisibibi-api] [http-nio-8080-exec-42] c.s.a.g.e.GlobalExceptionHandler         : Data integrity violation. code=SPEAKING_QUEUE_ORDER_CONFLICT
2026-06-24T14:29:48.278+09:00  WARN 66119 --- [sisibibi-api] [http-nio-8080-exec-42] .m.m.a.ExceptionHandlerExceptionResolver : Resolved [org.springframework.dao.DataIntegrityViolationException: could not execute statement [Duplicate entry '990001-1' for key 'speaking_queue.uk_speaking_queue_room_order'] [insert into speaking_queue (active_request,assigned_at,canceled_at,expires_at,queue_order,requested_at,room_id,stance,status,user_id) values (?,?,?,?,?,?,?,?,?,?)]; SQL [insert into speaking_queue (active_request,assigned_at,canceled_at,expires_at,queue_order,requested_at,room_id,stance,status,user_id) values (?,?,?,?,?,?,?,?,?,?)]; constraint [speaking_queue.uk_speaking_queue_room_order]]
2026-06-24T14:29:48.280+09:00  WARN 66119 --- [sisibibi-api] [http-nio-8080-exec-69] o.h.engine.jdbc.spi.SqlExceptionHelper   : SQL Error: 1062, SQLState: 23000
2026-06-24T14:29:48.280+09:00 ERROR 66119 --- [sisibibi-api] [http-nio-8080-exec-69] o.h.engine.jdbc.spi.SqlExceptionHelper   : Duplicate entry '990001-1' for key 'speaking_queue.uk_speaking_queue_room_order'
2026-06-24T14:29:48.284+09:00  WARN 66119 --- [sisibibi-api] [http-nio-8080-exec-69] c.s.a.g.e.GlobalExceptionHandler         : Data integrity violation. code=SPEAKING_QUEUE_ORDER_CONFLICT
2026-06-24T14:29:48.285+09:00  WARN 66119 --- [sisibibi-api] [http-nio-8080-exec-69] .m.m.a.ExceptionHandlerExceptionResolver : Resolved [org.springframework.dao.DataIntegrityViolationException: could not execute statement [Duplicate entry '990001-1' for key 'speaking_queue.uk_speaking_queue_room_order'] [insert into speaking_queue (active_request,assigned_at,canceled_at,expires_at,queue_order,requested_at,room_id,stance,status,user_id) values (?,?,?,?,?,?,?,?,?,?)]; SQL [insert into speaking_queue (active_request,assigned_at,canceled_at,expires_at,queue_order,requested_at,room_id,stance,status,user_id) values (?,?,?,?,?,?,?,?,?,?)]; constraint [speaking_queue.uk_speaking_queue_room_order]]
2026-06-24T14:29:48.294+09:00  WARN 66119 --- [sisibibi-api] [http-nio-8080-exec-11] o.h.engine.jdbc.spi.SqlExceptionHelper   : SQL Error: 1062, SQLState: 23000
2026-06-24T14:29:48.294+09:00 ERROR 66119 --- [sisibibi-api] [http-nio-8080-exec-11] o.h.engine.jdbc.spi.SqlExceptionHelper   : Duplicate entry '990001-1' for key 'speaking_queue.uk_speaking_queue_room_order'
2026-06-24T14:29:48.296+09:00  WARN 66119 --- [sisibibi-api] [http-nio-8080-exec-11] c.s.a.g.e.GlobalExceptionHandler         : Data integrity violation. code=SPEAKING_QUEUE_ORDER_CONFLICT
2026-06-24T14:29:48.297+09:00  WARN 66119 --- [sisibibi-api] [http-nio-8080-exec-11] .m.m.a.ExceptionHandlerExceptionResolver : Resolved [org.springframework.dao.DataIntegrityViolationException: could not execute statement [Duplicate entry '990001-1' for key 'speaking_queue.uk_speaking_queue_room_order'] [insert into speaking_queue (active_request,assigned_at,canceled_at,expires_at,queue_order,requested_at,room_id,stance,status,user_id) values (?,?,?,?,?,?,?,?,?,?)]; SQL [insert into speaking_queue (active_request,assigned_at,canceled_at,expires_at,queue_order,requested_at,room_id,stance,status,user_id) values (?,?,?,?,?,?,?,?,?,?)]; constraint [speaking_queue.uk_speaking_queue_room_order]]
2026-06-24T14:29:48.322+09:00  WARN 66119 --- [sisibibi-api] [http-nio-8080-exec-100] o.h.engine.jdbc.spi.SqlExceptionHelper   : SQL Error: 1062, SQLState: 23000
2026-06-24T14:29:48.323+09:00 ERROR 66119 --- [sisibibi-api] [http-nio-8080-exec-100] o.h.engine.jdbc.spi.SqlExceptionHelper   : Duplicate entry '990001-1' for key 'speaking_queue.uk_speaking_queue_room_order'
2026-06-24T14:29:48.330+09:00  WARN 66119 --- [sisibibi-api] [http-nio-8080-exec-100] c.s.a.g.e.GlobalExceptionHandler         : Data integrity violation. code=SPEAKING_QUEUE_ORDER_CONFLICT
2026-06-24T14:29:48.331+09:00  WARN 66119 --- [sisibibi-api] [http-nio-8080-exec-100] .m.m.a.ExceptionHandlerExceptionResolver : Resolved [org.springframework.dao.DataIntegrityViolationException: could not execute statement [Duplicate entry '990001-1' for key 'speaking_queue.uk_speaking_queue_room_order'] [insert into speaking_queue (active_request,assigned_at,canceled_at,expires_at,queue_order,requested_at,room_id,stance,status,user_id) values (?,?,?,?,?,?,?,?,?,?)]; SQL [insert into speaking_queue (active_request,assigned_at,canceled_at,expires_at,queue_order,requested_at,room_id,stance,status,user_id) values (?,?,?,?,?,?,?,?,?,?)]; constraint [speaking_queue.uk_speaking_queue_room_order]]
2026-06-24T14:29:48.342+09:00  WARN 66119 --- [sisibibi-api] [http-nio-8080-exec-79] o.h.engine.jdbc.spi.SqlExceptionHelper   : SQL Error: 1062, SQLState: 23000
2026-06-24T14:29:48.342+09:00 ERROR 66119 --- [sisibibi-api] [http-nio-8080-exec-79] o.h.engine.jdbc.spi.SqlExceptionHelper   : Duplicate entry '990001-1' for key 'speaking_queue.uk_speaking_queue_room_order'
2026-06-24T14:29:48.345+09:00  WARN 66119 --- [sisibibi-api] [http-nio-8080-exec-79] c.s.a.g.e.GlobalExceptionHandler         : Data integrity violation. code=SPEAKING_QUEUE_ORDER_CONFLICT
2026-06-24T14:29:48.345+09:00  WARN 66119 --- [sisibibi-api] [http-nio-8080-exec-79] .m.m.a.ExceptionHandlerExceptionResolver : Resolved [org.springframework.dao.DataIntegrityViolationException: could not execute statement [Duplicate entry '990001-1' for key 'speaking_queue.uk_speaking_queue_room_order'] [insert into speaking_queue (active_request,assigned_at,canceled_at,expires_at,queue_order,requested_at,room_id,stance,status,user_id) values (?,?,?,?,?,?,?,?,?,?)]; SQL [insert into speaking_queue (active_request,assigned_at,canceled_at,expires_at,queue_order,requested_at,room_id,stance,status,user_id) values (?,?,?,?,?,?,?,?,?,?)]; constraint [speaking_queue.uk_speaking_queue_room_order]]
2026-06-24T14:29:48.353+09:00  WARN 66119 --- [sisibibi-api] [http-nio-8080-exec-78] o.h.engine.jdbc.spi.SqlExceptionHelper   : SQL Error: 1062, SQLState: 23000
2026-06-24T14:29:48.354+09:00 ERROR 66119 --- [sisibibi-api] [http-nio-8080-exec-78] o.h.engine.jdbc.spi.SqlExceptionHelper   : Duplicate entry '990001-1' for key 'speaking_queue.uk_speaking_queue_room_order'
2026-06-24T14:29:48.357+09:00  WARN 66119 --- [sisibibi-api] [http-nio-8080-exec-78] c.s.a.g.e.GlobalExceptionHandler         : Data integrity violation. code=SPEAKING_QUEUE_ORDER_CONFLICT
2026-06-24T14:29:48.359+09:00  WARN 66119 --- [sisibibi-api] [http-nio-8080-exec-78] .m.m.a.ExceptionHandlerExceptionResolver : Resolved [org.springframework.dao.DataIntegrityViolationException: could not execute statement [Duplicate entry '990001-1' for key 'speaking_queue.uk_speaking_queue_room_order'] [insert into speaking_queue (active_request,assigned_at,canceled_at,expires_at,queue_order,requested_at,room_id,stance,status,user_id) values (?,?,?,?,?,?,?,?,?,?)]; SQL [insert into speaking_queue (active_request,assigned_at,canceled_at,expires_at,queue_order,requested_at,room_id,stance,status,user_id) values (?,?,?,?,?,?,?,?,?,?)]; constraint [speaking_queue.uk_speaking_queue_room_order]]
2026-06-24T14:29:48.368+09:00  WARN 66119 --- [sisibibi-api] [http-nio-8080-exec-74] o.h.engine.jdbc.spi.SqlExceptionHelper   : SQL Error: 1062, SQLState: 23000
2026-06-24T14:29:48.368+09:00 ERROR 66119 --- [sisibibi-api] [http-nio-8080-exec-74] o.h.engine.jdbc.spi.SqlExceptionHelper   : Duplicate entry '990001-1' for key 'speaking_queue.uk_speaking_queue_room_order'
2026-06-24T14:29:48.373+09:00  WARN 66119 --- [sisibibi-api] [http-nio-8080-exec-74] c.s.a.g.e.GlobalExceptionHandler         : Data integrity violation. code=SPEAKING_QUEUE_ORDER_CONFLICT
2026-06-24T14:29:48.374+09:00  WARN 66119 --- [sisibibi-api] [http-nio-8080-exec-74] .m.m.a.ExceptionHandlerExceptionResolver : Resolved [org.springframework.dao.DataIntegrityViolationException: could not execute statement [Duplicate entry '990001-1' for key 'speaking_queue.uk_speaking_queue_room_order'] [insert into speaking_queue (active_request,assigned_at,canceled_at,expires_at,queue_order,requested_at,room_id,stance,status,user_id) values (?,?,?,?,?,?,?,?,?,?)]; SQL [insert into speaking_queue (active_request,assigned_at,canceled_at,expires_at,queue_order,requested_at,room_id,stance,status,user_id) values (?,?,?,?,?,?,?,?,?,?)]; constraint [speaking_queue.uk_speaking_queue_room_order]]
2026-06-24T14:29:48.385+09:00  WARN 66119 --- [sisibibi-api] [http-nio-8080-exec-33] o.h.engine.jdbc.spi.SqlExceptionHelper   : SQL Error: 1062, SQLState: 23000
2026-06-24T14:29:48.385+09:00 ERROR 66119 --- [sisibibi-api] [http-nio-8080-exec-33] o.h.engine.jdbc.spi.SqlExceptionHelper   : Duplicate entry '990001-1' for key 'speaking_queue.uk_speaking_queue_room_order'
2026-06-24T14:29:48.387+09:00  WARN 66119 --- [sisibibi-api] [http-nio-8080-exec-33] c.s.a.g.e.GlobalExceptionHandler         : Data integrity violation. code=SPEAKING_QUEUE_ORDER_CONFLICT
2026-06-24T14:29:48.388+09:00  WARN 66119 --- [sisibibi-api] [http-nio-8080-exec-33] .m.m.a.ExceptionHandlerExceptionResolver : Resolved [org.springframework.dao.DataIntegrityViolationException: could not execute statement [Duplicate entry '990001-1' for key 'speaking_queue.uk_speaking_queue_room_order'] [insert into speaking_queue (active_request,assigned_at,canceled_at,expires_at,queue_order,requested_at,room_id,stance,status,user_id) values (?,?,?,?,?,?,?,?,?,?)]; SQL [insert into speaking_queue (active_request,assigned_at,canceled_at,expires_at,queue_order,requested_at,room_id,stance,status,user_id) values (?,?,?,?,?,?,?,?,?,?)]; constraint [speaking_queue.uk_speaking_queue_room_order]]
2026-06-24T14:29:48.400+09:00  WARN 66119 --- [sisibibi-api] [http-nio-8080-exec-77] o.h.engine.jdbc.spi.SqlExceptionHelper   : SQL Error: 1062, SQLState: 23000
2026-06-24T14:29:48.400+09:00 ERROR 66119 --- [sisibibi-api] [http-nio-8080-exec-77] o.h.engine.jdbc.spi.SqlExceptionHelper   : Duplicate entry '990001-1' for key 'speaking_queue.uk_speaking_queue_room_order'
2026-06-24T14:29:48.405+09:00  WARN 66119 --- [sisibibi-api] [http-nio-8080-exec-77] c.s.a.g.e.GlobalExceptionHandler         : Data integrity violation. code=SPEAKING_QUEUE_ORDER_CONFLICT
2026-06-24T14:29:48.406+09:00  WARN 66119 --- [sisibibi-api] [http-nio-8080-exec-77] .m.m.a.ExceptionHandlerExceptionResolver : Resolved [org.springframework.dao.DataIntegrityViolationException: could not execute statement [Duplicate entry '990001-1' for key 'speaking_queue.uk_speaking_queue_room_order'] [insert into speaking_queue (active_request,assigned_at,canceled_at,expires_at,queue_order,requested_at,room_id,stance,status,user_id) values (?,?,?,?,?,?,?,?,?,?)]; SQL [insert into speaking_queue (active_request,assigned_at,canceled_at,expires_at,queue_order,requested_at,room_id,stance,status,user_id) values (?,?,?,?,?,?,?,?,?,?)]; constraint [speaking_queue.uk_speaking_queue_room_order]]
2026-06-24T14:29:48.442+09:00  INFO 66119 --- [sisibibi-api] [http-nio-8080-exec-2] c.s.a.d.s.service.SpeakingQueueService   : Speaking request assigned. roomId=990001, userId=990083, queueOrder=1, expiresAt=2026-06-24T14:32:46.905173
2026-06-24T14:29:48.454+09:00  INFO 66119 --- [sisibibi-api] [http-nio-8080-exec-37] c.s.a.d.s.service.SpeakingQueueService   : Speaking request created. roomId=990001, userId=990070, queueOrder=2, status=WAITING
2026-06-24T14:29:48.465+09:00  WARN 66119 --- [sisibibi-api] [http-nio-8080-exec-86] o.h.engine.jdbc.spi.SqlExceptionHelper   : SQL Error: 1062, SQLState: 23000
2026-06-24T14:29:48.465+09:00 ERROR 66119 --- [sisibibi-api] [http-nio-8080-exec-86] o.h.engine.jdbc.spi.SqlExceptionHelper   : Duplicate entry '990001-2' for key 'speaking_queue.uk_speaking_queue_room_order'
2026-06-24T14:29:48.468+09:00  WARN 66119 --- [sisibibi-api] [http-nio-8080-exec-86] c.s.a.g.e.GlobalExceptionHandler         : Data integrity violation. code=SPEAKING_QUEUE_ORDER_CONFLICT
2026-06-24T14:29:48.469+09:00  WARN 66119 --- [sisibibi-api] [http-nio-8080-exec-86] .m.m.a.ExceptionHandlerExceptionResolver : Resolved [org.springframework.dao.DataIntegrityViolationException: could not execute statement [Duplicate entry '990001-2' for key 'speaking_queue.uk_speaking_queue_room_order'] [insert into speaking_queue (active_request,assigned_at,canceled_at,expires_at,queue_order,requested_at,room_id,stance,status,user_id) values (?,?,?,?,?,?,?,?,?,?)]; SQL [insert into speaking_queue (active_request,assigned_at,canceled_at,expires_at,queue_order,requested_at,room_id,stance,status,user_id) values (?,?,?,?,?,?,?,?,?,?)]; constraint [speaking_queue.uk_speaking_queue_room_order]]
2026-06-24T14:29:48.474+09:00  WARN 66119 --- [sisibibi-api] [http-nio-8080-exec-75] o.h.engine.jdbc.spi.SqlExceptionHelper   : SQL Error: 1062, SQLState: 23000
2026-06-24T14:29:48.474+09:00 ERROR 66119 --- [sisibibi-api] [http-nio-8080-exec-75] o.h.engine.jdbc.spi.SqlExceptionHelper   : Duplicate entry '990001-2' for key 'speaking_queue.uk_speaking_queue_room_order'
2026-06-24T14:29:48.477+09:00  WARN 66119 --- [sisibibi-api] [http-nio-8080-exec-75] c.s.a.g.e.GlobalExceptionHandler         : Data integrity violation. code=SPEAKING_QUEUE_ORDER_CONFLICT
2026-06-24T14:29:48.478+09:00  WARN 66119 --- [sisibibi-api] [http-nio-8080-exec-75] .m.m.a.ExceptionHandlerExceptionResolver : Resolved [org.springframework.dao.DataIntegrityViolationException: could not execute statement [Duplicate entry '990001-2' for key 'speaking_queue.uk_speaking_queue_room_order'] [insert into speaking_queue (active_request,assigned_at,canceled_at,expires_at,queue_order,requested_at,room_id,stance,status,user_id) values (?,?,?,?,?,?,?,?,?,?)]; SQL [insert into speaking_queue (active_request,assigned_at,canceled_at,expires_at,queue_order,requested_at,room_id,stance,status,user_id) values (?,?,?,?,?,?,?,?,?,?)]; constraint [speaking_queue.uk_speaking_queue_room_order]]
2026-06-24T14:29:48.484+09:00  WARN 66119 --- [sisibibi-api] [http-nio-8080-exec-56] o.h.engine.jdbc.spi.SqlExceptionHelper   : SQL Error: 1062, SQLState: 23000
2026-06-24T14:29:48.484+09:00 ERROR 66119 --- [sisibibi-api] [http-nio-8080-exec-56] o.h.engine.jdbc.spi.SqlExceptionHelper   : Duplicate entry '990001-2' for key 'speaking_queue.uk_speaking_queue_room_order'
2026-06-24T14:29:48.486+09:00  WARN 66119 --- [sisibibi-api] [http-nio-8080-exec-56] c.s.a.g.e.GlobalExceptionHandler         : Data integrity violation. code=SPEAKING_QUEUE_ORDER_CONFLICT
2026-06-24T14:29:48.487+09:00  WARN 66119 --- [sisibibi-api] [http-nio-8080-exec-56] .m.m.a.ExceptionHandlerExceptionResolver : Resolved [org.springframework.dao.DataIntegrityViolationException: could not execute statement [Duplicate entry '990001-2' for key 'speaking_queue.uk_speaking_queue_room_order'] [insert into speaking_queue (active_request,assigned_at,canceled_at,expires_at,queue_order,requested_at,room_id,stance,status,user_id) values (?,?,?,?,?,?,?,?,?,?)]; SQL [insert into speaking_queue (active_request,assigned_at,canceled_at,expires_at,queue_order,requested_at,room_id,stance,status,user_id) values (?,?,?,?,?,?,?,?,?,?)]; constraint [speaking_queue.uk_speaking_queue_room_order]]
2026-06-24T14:29:48.503+09:00  WARN 66119 --- [sisibibi-api] [http-nio-8080-exec-44] o.h.engine.jdbc.spi.SqlExceptionHelper   : SQL Error: 1062, SQLState: 23000
2026-06-24T14:29:48.504+09:00 ERROR 66119 --- [sisibibi-api] [http-nio-8080-exec-44] o.h.engine.jdbc.spi.SqlExceptionHelper   : Duplicate entry '990001-2' for key 'speaking_queue.uk_speaking_queue_room_order'
2026-06-24T14:29:48.506+09:00  WARN 66119 --- [sisibibi-api] [http-nio-8080-exec-44] c.s.a.g.e.GlobalExceptionHandler         : Data integrity violation. code=SPEAKING_QUEUE_ORDER_CONFLICT
2026-06-24T14:29:48.507+09:00  WARN 66119 --- [sisibibi-api] [http-nio-8080-exec-44] .m.m.a.ExceptionHandlerExceptionResolver : Resolved [org.springframework.dao.DataIntegrityViolationException: could not execute statement [Duplicate entry '990001-2' for key 'speaking_queue.uk_speaking_queue_room_order'] [insert into speaking_queue (active_request,assigned_at,canceled_at,expires_at,queue_order,requested_at,room_id,stance,status,user_id) values (?,?,?,?,?,?,?,?,?,?)]; SQL [insert into speaking_queue (active_request,assigned_at,canceled_at,expires_at,queue_order,requested_at,room_id,stance,status,user_id) values (?,?,?,?,?,?,?,?,?,?)]; constraint [speaking_queue.uk_speaking_queue_room_order]]
2026-06-24T14:29:48.515+09:00  WARN 66119 --- [sisibibi-api] [http-nio-8080-exec-45] o.h.engine.jdbc.spi.SqlExceptionHelper   : SQL Error: 1062, SQLState: 23000
2026-06-24T14:29:48.515+09:00 ERROR 66119 --- [sisibibi-api] [http-nio-8080-exec-45] o.h.engine.jdbc.spi.SqlExceptionHelper   : Duplicate entry '990001-2' for key 'speaking_queue.uk_speaking_queue_room_order'
2026-06-24T14:29:48.519+09:00  WARN 66119 --- [sisibibi-api] [http-nio-8080-exec-45] c.s.a.g.e.GlobalExceptionHandler         : Data integrity violation. code=SPEAKING_QUEUE_ORDER_CONFLICT
2026-06-24T14:29:48.520+09:00  WARN 66119 --- [sisibibi-api] [http-nio-8080-exec-45] .m.m.a.ExceptionHandlerExceptionResolver : Resolved [org.springframework.dao.DataIntegrityViolationException: could not execute statement [Duplicate entry '990001-2' for key 'speaking_queue.uk_speaking_queue_room_order'] [insert into speaking_queue (active_request,assigned_at,canceled_at,expires_at,queue_order,requested_at,room_id,stance,status,user_id) values (?,?,?,?,?,?,?,?,?,?)]; SQL [insert into speaking_queue (active_request,assigned_at,canceled_at,expires_at,queue_order,requested_at,room_id,stance,status,user_id) values (?,?,?,?,?,?,?,?,?,?)]; constraint [speaking_queue.uk_speaking_queue_room_order]]
2026-06-24T14:29:48.527+09:00  WARN 66119 --- [sisibibi-api] [http-nio-8080-exec-18] o.h.engine.jdbc.spi.SqlExceptionHelper   : SQL Error: 1062, SQLState: 23000
2026-06-24T14:29:48.527+09:00 ERROR 66119 --- [sisibibi-api] [http-nio-8080-exec-18] o.h.engine.jdbc.spi.SqlExceptionHelper   : Duplicate entry '990001-2' for key 'speaking_queue.uk_speaking_queue_room_order'
2026-06-24T14:29:48.532+09:00  WARN 66119 --- [sisibibi-api] [http-nio-8080-exec-18] c.s.a.g.e.GlobalExceptionHandler         : Data integrity violation. code=SPEAKING_QUEUE_ORDER_CONFLICT
2026-06-24T14:29:48.533+09:00  WARN 66119 --- [sisibibi-api] [http-nio-8080-exec-18] .m.m.a.ExceptionHandlerExceptionResolver : Resolved [org.springframework.dao.DataIntegrityViolationException: could not execute statement [Duplicate entry '990001-2' for key 'speaking_queue.uk_speaking_queue_room_order'] [insert into speaking_queue (active_request,assigned_at,canceled_at,expires_at,queue_order,requested_at,room_id,stance,status,user_id) values (?,?,?,?,?,?,?,?,?,?)]; SQL [insert into speaking_queue (active_request,assigned_at,canceled_at,expires_at,queue_order,requested_at,room_id,stance,status,user_id) values (?,?,?,?,?,?,?,?,?,?)]; constraint [speaking_queue.uk_speaking_queue_room_order]]
2026-06-24T14:29:48.553+09:00  WARN 66119 --- [sisibibi-api] [http-nio-8080-exec-61] o.h.engine.jdbc.spi.SqlExceptionHelper   : SQL Error: 1062, SQLState: 23000
2026-06-24T14:29:48.553+09:00 ERROR 66119 --- [sisibibi-api] [http-nio-8080-exec-61] o.h.engine.jdbc.spi.SqlExceptionHelper   : Duplicate entry '990001-2' for key 'speaking_queue.uk_speaking_queue_room_order'
2026-06-24T14:29:48.559+09:00  WARN 66119 --- [sisibibi-api] [http-nio-8080-exec-61] c.s.a.g.e.GlobalExceptionHandler         : Data integrity violation. code=SPEAKING_QUEUE_ORDER_CONFLICT
2026-06-24T14:29:48.560+09:00  WARN 66119 --- [sisibibi-api] [http-nio-8080-exec-61] .m.m.a.ExceptionHandlerExceptionResolver : Resolved [org.springframework.dao.DataIntegrityViolationException: could not execute statement [Duplicate entry '990001-2' for key 'speaking_queue.uk_speaking_queue_room_order'] [insert into speaking_queue (active_request,assigned_at,canceled_at,expires_at,queue_order,requested_at,room_id,stance,status,user_id) values (?,?,?,?,?,?,?,?,?,?)]; SQL [insert into speaking_queue (active_request,assigned_at,canceled_at,expires_at,queue_order,requested_at,room_id,stance,status,user_id) values (?,?,?,?,?,?,?,?,?,?)]; constraint [speaking_queue.uk_speaking_queue_room_order]]
2026-06-24T14:29:48.572+09:00  WARN 66119 --- [sisibibi-api] [http-nio-8080-exec-39] o.h.engine.jdbc.spi.SqlExceptionHelper   : SQL Error: 1062, SQLState: 23000
2026-06-24T14:29:48.572+09:00 ERROR 66119 --- [sisibibi-api] [http-nio-8080-exec-39] o.h.engine.jdbc.spi.SqlExceptionHelper   : Duplicate entry '990001-2' for key 'speaking_queue.uk_speaking_queue_room_order'
2026-06-24T14:29:48.574+09:00  WARN 66119 --- [sisibibi-api] [http-nio-8080-exec-39] c.s.a.g.e.GlobalExceptionHandler         : Data integrity violation. code=SPEAKING_QUEUE_ORDER_CONFLICT
2026-06-24T14:29:48.577+09:00  WARN 66119 --- [sisibibi-api] [http-nio-8080-exec-39] .m.m.a.ExceptionHandlerExceptionResolver : Resolved [org.springframework.dao.DataIntegrityViolationException: could not execute statement [Duplicate entry '990001-2' for key 'speaking_queue.uk_speaking_queue_room_order'] [insert into speaking_queue (active_request,assigned_at,canceled_at,expires_at,queue_order,requested_at,room_id,stance,status,user_id) values (?,?,?,?,?,?,?,?,?,?)]; SQL [insert into speaking_queue (active_request,assigned_at,canceled_at,expires_at,queue_order,requested_at,room_id,stance,status,user_id) values (?,?,?,?,?,?,?,?,?,?)]; constraint [speaking_queue.uk_speaking_queue_room_order]]
2026-06-24T14:29:48.600+09:00  INFO 66119 --- [sisibibi-api] [http-nio-8080-exec-93] c.s.a.d.s.service.SpeakingQueueService   : Speaking request created. roomId=990001, userId=990049, queueOrder=3, status=WAITING
2026-06-24T14:29:48.607+09:00  WARN 66119 --- [sisibibi-api] [http-nio-8080-exec-13] o.h.engine.jdbc.spi.SqlExceptionHelper   : SQL Error: 1062, SQLState: 23000
2026-06-24T14:29:48.607+09:00 ERROR 66119 --- [sisibibi-api] [http-nio-8080-exec-13] o.h.engine.jdbc.spi.SqlExceptionHelper   : Duplicate entry '990001-3' for key 'speaking_queue.uk_speaking_queue_room_order'
2026-06-24T14:29:48.611+09:00  WARN 66119 --- [sisibibi-api] [http-nio-8080-exec-13] c.s.a.g.e.GlobalExceptionHandler         : Data integrity violation. code=SPEAKING_QUEUE_ORDER_CONFLICT
2026-06-24T14:29:48.612+09:00  WARN 66119 --- [sisibibi-api] [http-nio-8080-exec-13] .m.m.a.ExceptionHandlerExceptionResolver : Resolved [org.springframework.dao.DataIntegrityViolationException: could not execute statement [Duplicate entry '990001-3' for key 'speaking_queue.uk_speaking_queue_room_order'] [insert into speaking_queue (active_request,assigned_at,canceled_at,expires_at,queue_order,requested_at,room_id,stance,status,user_id) values (?,?,?,?,?,?,?,?,?,?)]; SQL [insert into speaking_queue (active_request,assigned_at,canceled_at,expires_at,queue_order,requested_at,room_id,stance,status,user_id) values (?,?,?,?,?,?,?,?,?,?)]; constraint [speaking_queue.uk_speaking_queue_room_order]]
2026-06-24T14:29:48.618+09:00  WARN 66119 --- [sisibibi-api] [http-nio-8080-exec-89] o.h.engine.jdbc.spi.SqlExceptionHelper   : SQL Error: 1062, SQLState: 23000
2026-06-24T14:29:48.618+09:00 ERROR 66119 --- [sisibibi-api] [http-nio-8080-exec-89] o.h.engine.jdbc.spi.SqlExceptionHelper   : Duplicate entry '990001-3' for key 'speaking_queue.uk_speaking_queue_room_order'
2026-06-24T14:29:48.622+09:00  WARN 66119 --- [sisibibi-api] [http-nio-8080-exec-89] c.s.a.g.e.GlobalExceptionHandler         : Data integrity violation. code=SPEAKING_QUEUE_ORDER_CONFLICT
2026-06-24T14:29:48.623+09:00  WARN 66119 --- [sisibibi-api] [http-nio-8080-exec-89] .m.m.a.ExceptionHandlerExceptionResolver : Resolved [org.springframework.dao.DataIntegrityViolationException: could not execute statement [Duplicate entry '990001-3' for key 'speaking_queue.uk_speaking_queue_room_order'] [insert into speaking_queue (active_request,assigned_at,canceled_at,expires_at,queue_order,requested_at,room_id,stance,status,user_id) values (?,?,?,?,?,?,?,?,?,?)]; SQL [insert into speaking_queue (active_request,assigned_at,canceled_at,expires_at,queue_order,requested_at,room_id,stance,status,user_id) values (?,?,?,?,?,?,?,?,?,?)]; constraint [speaking_queue.uk_speaking_queue_room_order]]
2026-06-24T14:29:48.628+09:00  WARN 66119 --- [sisibibi-api] [http-nio-8080-exec-81] o.h.engine.jdbc.spi.SqlExceptionHelper   : SQL Error: 1062, SQLState: 23000
2026-06-24T14:29:48.628+09:00 ERROR 66119 --- [sisibibi-api] [http-nio-8080-exec-81] o.h.engine.jdbc.spi.SqlExceptionHelper   : Duplicate entry '990001-3' for key 'speaking_queue.uk_speaking_queue_room_order'
2026-06-24T14:29:48.633+09:00  WARN 66119 --- [sisibibi-api] [http-nio-8080-exec-81] c.s.a.g.e.GlobalExceptionHandler         : Data integrity violation. code=SPEAKING_QUEUE_ORDER_CONFLICT
2026-06-24T14:29:48.634+09:00  WARN 66119 --- [sisibibi-api] [http-nio-8080-exec-81] .m.m.a.ExceptionHandlerExceptionResolver : Resolved [org.springframework.dao.DataIntegrityViolationException: could not execute statement [Duplicate entry '990001-3' for key 'speaking_queue.uk_speaking_queue_room_order'] [insert into speaking_queue (active_request,assigned_at,canceled_at,expires_at,queue_order,requested_at,room_id,stance,status,user_id) values (?,?,?,?,?,?,?,?,?,?)]; SQL [insert into speaking_queue (active_request,assigned_at,canceled_at,expires_at,queue_order,requested_at,room_id,stance,status,user_id) values (?,?,?,?,?,?,?,?,?,?)]; constraint [speaking_queue.uk_speaking_queue_room_order]]
2026-06-24T14:29:48.638+09:00  WARN 66119 --- [sisibibi-api] [http-nio-8080-exec-32] o.h.engine.jdbc.spi.SqlExceptionHelper   : SQL Error: 1062, SQLState: 23000
2026-06-24T14:29:48.639+09:00 ERROR 66119 --- [sisibibi-api] [http-nio-8080-exec-32] o.h.engine.jdbc.spi.SqlExceptionHelper   : Duplicate entry '990001-3' for key 'speaking_queue.uk_speaking_queue_room_order'
2026-06-24T14:29:48.640+09:00  WARN 66119 --- [sisibibi-api] [http-nio-8080-exec-32] c.s.a.g.e.GlobalExceptionHandler         : Data integrity violation. code=SPEAKING_QUEUE_ORDER_CONFLICT
2026-06-24T14:29:48.642+09:00  WARN 66119 --- [sisibibi-api] [http-nio-8080-exec-32] .m.m.a.ExceptionHandlerExceptionResolver : Resolved [org.springframework.dao.DataIntegrityViolationException: could not execute statement [Duplicate entry '990001-3' for key 'speaking_queue.uk_speaking_queue_room_order'] [insert into speaking_queue (active_request,assigned_at,canceled_at,expires_at,queue_order,requested_at,room_id,stance,status,user_id) values (?,?,?,?,?,?,?,?,?,?)]; SQL [insert into speaking_queue (active_request,assigned_at,canceled_at,expires_at,queue_order,requested_at,room_id,stance,status,user_id) values (?,?,?,?,?,?,?,?,?,?)]; constraint [speaking_queue.uk_speaking_queue_room_order]]
2026-06-24T14:29:48.650+09:00  WARN 66119 --- [sisibibi-api] [http-nio-8080-exec-16] o.h.engine.jdbc.spi.SqlExceptionHelper   : SQL Error: 1062, SQLState: 23000
2026-06-24T14:29:48.651+09:00 ERROR 66119 --- [sisibibi-api] [http-nio-8080-exec-16] o.h.engine.jdbc.spi.SqlExceptionHelper   : Duplicate entry '990001-3' for key 'speaking_queue.uk_speaking_queue_room_order'
2026-06-24T14:29:48.653+09:00  WARN 66119 --- [sisibibi-api] [http-nio-8080-exec-16] c.s.a.g.e.GlobalExceptionHandler         : Data integrity violation. code=SPEAKING_QUEUE_ORDER_CONFLICT
2026-06-24T14:29:48.654+09:00  WARN 66119 --- [sisibibi-api] [http-nio-8080-exec-16] .m.m.a.ExceptionHandlerExceptionResolver : Resolved [org.springframework.dao.DataIntegrityViolationException: could not execute statement [Duplicate entry '990001-3' for key 'speaking_queue.uk_speaking_queue_room_order'] [insert into speaking_queue (active_request,assigned_at,canceled_at,expires_at,queue_order,requested_at,room_id,stance,status,user_id) values (?,?,?,?,?,?,?,?,?,?)]; SQL [insert into speaking_queue (active_request,assigned_at,canceled_at,expires_at,queue_order,requested_at,room_id,stance,status,user_id) values (?,?,?,?,?,?,?,?,?,?)]; constraint [speaking_queue.uk_speaking_queue_room_order]]
2026-06-24T14:29:48.660+09:00  WARN 66119 --- [sisibibi-api] [http-nio-8080-exec-46] o.h.engine.jdbc.spi.SqlExceptionHelper   : SQL Error: 1062, SQLState: 23000
2026-06-24T14:29:48.660+09:00 ERROR 66119 --- [sisibibi-api] [http-nio-8080-exec-46] o.h.engine.jdbc.spi.SqlExceptionHelper   : Duplicate entry '990001-3' for key 'speaking_queue.uk_speaking_queue_room_order'
2026-06-24T14:29:48.666+09:00  WARN 66119 --- [sisibibi-api] [http-nio-8080-exec-46] c.s.a.g.e.GlobalExceptionHandler         : Data integrity violation. code=SPEAKING_QUEUE_ORDER_CONFLICT
2026-06-24T14:29:48.670+09:00  WARN 66119 --- [sisibibi-api] [http-nio-8080-exec-46] .m.m.a.ExceptionHandlerExceptionResolver : Resolved [org.springframework.dao.DataIntegrityViolationException: could not execute statement [Duplicate entry '990001-3' for key 'speaking_queue.uk_speaking_queue_room_order'] [insert into speaking_queue (active_request,assigned_at,canceled_at,expires_at,queue_order,requested_at,room_id,stance,status,user_id) values (?,?,?,?,?,?,?,?,?,?)]; SQL [insert into speaking_queue (active_request,assigned_at,canceled_at,expires_at,queue_order,requested_at,room_id,stance,status,user_id) values (?,?,?,?,?,?,?,?,?,?)]; constraint [speaking_queue.uk_speaking_queue_room_order]]
2026-06-24T14:29:48.681+09:00  WARN 66119 --- [sisibibi-api] [http-nio-8080-exec-60] o.h.engine.jdbc.spi.SqlExceptionHelper   : SQL Error: 1062, SQLState: 23000
2026-06-24T14:29:48.681+09:00 ERROR 66119 --- [sisibibi-api] [http-nio-8080-exec-60] o.h.engine.jdbc.spi.SqlExceptionHelper   : Duplicate entry '990001-3' for key 'speaking_queue.uk_speaking_queue_room_order'
2026-06-24T14:29:48.683+09:00  WARN 66119 --- [sisibibi-api] [http-nio-8080-exec-60] c.s.a.g.e.GlobalExceptionHandler         : Data integrity violation. code=SPEAKING_QUEUE_ORDER_CONFLICT
2026-06-24T14:29:48.684+09:00  WARN 66119 --- [sisibibi-api] [http-nio-8080-exec-60] .m.m.a.ExceptionHandlerExceptionResolver : Resolved [org.springframework.dao.DataIntegrityViolationException: could not execute statement [Duplicate entry '990001-3' for key 'speaking_queue.uk_speaking_queue_room_order'] [insert into speaking_queue (active_request,assigned_at,canceled_at,expires_at,queue_order,requested_at,room_id,stance,status,user_id) values (?,?,?,?,?,?,?,?,?,?)]; SQL [insert into speaking_queue (active_request,assigned_at,canceled_at,expires_at,queue_order,requested_at,room_id,stance,status,user_id) values (?,?,?,?,?,?,?,?,?,?)]; constraint [speaking_queue.uk_speaking_queue_room_order]]
2026-06-24T14:29:48.690+09:00  WARN 66119 --- [sisibibi-api] [http-nio-8080-exec-21] o.h.engine.jdbc.spi.SqlExceptionHelper   : SQL Error: 1062, SQLState: 23000
2026-06-24T14:29:48.690+09:00 ERROR 66119 --- [sisibibi-api] [http-nio-8080-exec-21] o.h.engine.jdbc.spi.SqlExceptionHelper   : Duplicate entry '990001-3' for key 'speaking_queue.uk_speaking_queue_room_order'
2026-06-24T14:29:48.692+09:00  WARN 66119 --- [sisibibi-api] [http-nio-8080-exec-21] c.s.a.g.e.GlobalExceptionHandler         : Data integrity violation. code=SPEAKING_QUEUE_ORDER_CONFLICT
2026-06-24T14:29:48.693+09:00  WARN 66119 --- [sisibibi-api] [http-nio-8080-exec-21] .m.m.a.ExceptionHandlerExceptionResolver : Resolved [org.springframework.dao.DataIntegrityViolationException: could not execute statement [Duplicate entry '990001-3' for key 'speaking_queue.uk_speaking_queue_room_order'] [insert into speaking_queue (active_request,assigned_at,canceled_at,expires_at,queue_order,requested_at,room_id,stance,status,user_id) values (?,?,?,?,?,?,?,?,?,?)]; SQL [insert into speaking_queue (active_request,assigned_at,canceled_at,expires_at,queue_order,requested_at,room_id,stance,status,user_id) values (?,?,?,?,?,?,?,?,?,?)]; constraint [speaking_queue.uk_speaking_queue_room_order]]
2026-06-24T14:29:48.702+09:00  WARN 66119 --- [sisibibi-api] [http-nio-8080-exec-94] o.h.engine.jdbc.spi.SqlExceptionHelper   : SQL Error: 1062, SQLState: 23000
2026-06-24T14:29:48.703+09:00 ERROR 66119 --- [sisibibi-api] [http-nio-8080-exec-94] o.h.engine.jdbc.spi.SqlExceptionHelper   : Duplicate entry '990001-3' for key 'speaking_queue.uk_speaking_queue_room_order'
2026-06-24T14:29:48.707+09:00  WARN 66119 --- [sisibibi-api] [http-nio-8080-exec-94] c.s.a.g.e.GlobalExceptionHandler         : Data integrity violation. code=SPEAKING_QUEUE_ORDER_CONFLICT
2026-06-24T14:29:48.707+09:00  WARN 66119 --- [sisibibi-api] [http-nio-8080-exec-94] .m.m.a.ExceptionHandlerExceptionResolver : Resolved [org.springframework.dao.DataIntegrityViolationException: could not execute statement [Duplicate entry '990001-3' for key 'speaking_queue.uk_speaking_queue_room_order'] [insert into speaking_queue (active_request,assigned_at,canceled_at,expires_at,queue_order,requested_at,room_id,stance,status,user_id) values (?,?,?,?,?,?,?,?,?,?)]; SQL [insert into speaking_queue (active_request,assigned_at,canceled_at,expires_at,queue_order,requested_at,room_id,stance,status,user_id) values (?,?,?,?,?,?,?,?,?,?)]; constraint [speaking_queue.uk_speaking_queue_room_order]]
2026-06-24T14:29:48.725+09:00  INFO 66119 --- [sisibibi-api] [http-nio-8080-exec-41] c.s.a.d.s.service.SpeakingQueueService   : Speaking request created. roomId=990001, userId=990028, queueOrder=4, status=WAITING
2026-06-24T14:29:48.731+09:00  WARN 66119 --- [sisibibi-api] [http-nio-8080-exec-1] o.h.engine.jdbc.spi.SqlExceptionHelper   : SQL Error: 1062, SQLState: 23000
2026-06-24T14:29:48.731+09:00 ERROR 66119 --- [sisibibi-api] [http-nio-8080-exec-1] o.h.engine.jdbc.spi.SqlExceptionHelper   : Duplicate entry '990001-4' for key 'speaking_queue.uk_speaking_queue_room_order'
2026-06-24T14:29:48.733+09:00  WARN 66119 --- [sisibibi-api] [http-nio-8080-exec-1] c.s.a.g.e.GlobalExceptionHandler         : Data integrity violation. code=SPEAKING_QUEUE_ORDER_CONFLICT
2026-06-24T14:29:48.733+09:00  WARN 66119 --- [sisibibi-api] [http-nio-8080-exec-1] .m.m.a.ExceptionHandlerExceptionResolver : Resolved [org.springframework.dao.DataIntegrityViolationException: could not execute statement [Duplicate entry '990001-4' for key 'speaking_queue.uk_speaking_queue_room_order'] [insert into speaking_queue (active_request,assigned_at,canceled_at,expires_at,queue_order,requested_at,room_id,stance,status,user_id) values (?,?,?,?,?,?,?,?,?,?)]; SQL [insert into speaking_queue (active_request,assigned_at,canceled_at,expires_at,queue_order,requested_at,room_id,stance,status,user_id) values (?,?,?,?,?,?,?,?,?,?)]; constraint [speaking_queue.uk_speaking_queue_room_order]]
2026-06-24T14:29:48.740+09:00  WARN 66119 --- [sisibibi-api] [http-nio-8080-exec-84] o.h.engine.jdbc.spi.SqlExceptionHelper   : SQL Error: 1062, SQLState: 23000
2026-06-24T14:29:48.740+09:00 ERROR 66119 --- [sisibibi-api] [http-nio-8080-exec-84] o.h.engine.jdbc.spi.SqlExceptionHelper   : Duplicate entry '990001-4' for key 'speaking_queue.uk_speaking_queue_room_order'
2026-06-24T14:29:48.743+09:00  WARN 66119 --- [sisibibi-api] [http-nio-8080-exec-84] c.s.a.g.e.GlobalExceptionHandler         : Data integrity violation. code=SPEAKING_QUEUE_ORDER_CONFLICT
2026-06-24T14:29:48.745+09:00  WARN 66119 --- [sisibibi-api] [http-nio-8080-exec-84] .m.m.a.ExceptionHandlerExceptionResolver : Resolved [org.springframework.dao.DataIntegrityViolationException: could not execute statement [Duplicate entry '990001-4' for key 'speaking_queue.uk_speaking_queue_room_order'] [insert into speaking_queue (active_request,assigned_at,canceled_at,expires_at,queue_order,requested_at,room_id,stance,status,user_id) values (?,?,?,?,?,?,?,?,?,?)]; SQL [insert into speaking_queue (active_request,assigned_at,canceled_at,expires_at,queue_order,requested_at,room_id,stance,status,user_id) values (?,?,?,?,?,?,?,?,?,?)]; constraint [speaking_queue.uk_speaking_queue_room_order]]
2026-06-24T14:29:48.750+09:00  WARN 66119 --- [sisibibi-api] [http-nio-8080-exec-67] o.h.engine.jdbc.spi.SqlExceptionHelper   : SQL Error: 1062, SQLState: 23000
2026-06-24T14:29:48.750+09:00 ERROR 66119 --- [sisibibi-api] [http-nio-8080-exec-67] o.h.engine.jdbc.spi.SqlExceptionHelper   : Duplicate entry '990001-4' for key 'speaking_queue.uk_speaking_queue_room_order'
2026-06-24T14:29:48.752+09:00  WARN 66119 --- [sisibibi-api] [http-nio-8080-exec-67] c.s.a.g.e.GlobalExceptionHandler         : Data integrity violation. code=SPEAKING_QUEUE_ORDER_CONFLICT
2026-06-24T14:29:48.753+09:00  WARN 66119 --- [sisibibi-api] [http-nio-8080-exec-67] .m.m.a.ExceptionHandlerExceptionResolver : Resolved [org.springframework.dao.DataIntegrityViolationException: could not execute statement [Duplicate entry '990001-4' for key 'speaking_queue.uk_speaking_queue_room_order'] [insert into speaking_queue (active_request,assigned_at,canceled_at,expires_at,queue_order,requested_at,room_id,stance,status,user_id) values (?,?,?,?,?,?,?,?,?,?)]; SQL [insert into speaking_queue (active_request,assigned_at,canceled_at,expires_at,queue_order,requested_at,room_id,stance,status,user_id) values (?,?,?,?,?,?,?,?,?,?)]; constraint [speaking_queue.uk_speaking_queue_room_order]]
2026-06-24T14:29:48.761+09:00  WARN 66119 --- [sisibibi-api] [http-nio-8080-exec-30] o.h.engine.jdbc.spi.SqlExceptionHelper   : SQL Error: 1062, SQLState: 23000
2026-06-24T14:29:48.762+09:00 ERROR 66119 --- [sisibibi-api] [http-nio-8080-exec-30] o.h.engine.jdbc.spi.SqlExceptionHelper   : Duplicate entry '990001-4' for key 'speaking_queue.uk_speaking_queue_room_order'
2026-06-24T14:29:48.765+09:00  WARN 66119 --- [sisibibi-api] [http-nio-8080-exec-30] c.s.a.g.e.GlobalExceptionHandler         : Data integrity violation. code=SPEAKING_QUEUE_ORDER_CONFLICT
2026-06-24T14:29:48.766+09:00  WARN 66119 --- [sisibibi-api] [http-nio-8080-exec-30] .m.m.a.ExceptionHandlerExceptionResolver : Resolved [org.springframework.dao.DataIntegrityViolationException: could not execute statement [Duplicate entry '990001-4' for key 'speaking_queue.uk_speaking_queue_room_order'] [insert into speaking_queue (active_request,assigned_at,canceled_at,expires_at,queue_order,requested_at,room_id,stance,status,user_id) values (?,?,?,?,?,?,?,?,?,?)]; SQL [insert into speaking_queue (active_request,assigned_at,canceled_at,expires_at,queue_order,requested_at,room_id,stance,status,user_id) values (?,?,?,?,?,?,?,?,?,?)]; constraint [speaking_queue.uk_speaking_queue_room_order]]
2026-06-24T14:29:48.771+09:00  WARN 66119 --- [sisibibi-api] [http-nio-8080-exec-92] o.h.engine.jdbc.spi.SqlExceptionHelper   : SQL Error: 1062, SQLState: 23000
2026-06-24T14:29:48.771+09:00 ERROR 66119 --- [sisibibi-api] [http-nio-8080-exec-92] o.h.engine.jdbc.spi.SqlExceptionHelper   : Duplicate entry '990001-4' for key 'speaking_queue.uk_speaking_queue_room_order'
2026-06-24T14:29:48.773+09:00  WARN 66119 --- [sisibibi-api] [http-nio-8080-exec-92] c.s.a.g.e.GlobalExceptionHandler         : Data integrity violation. code=SPEAKING_QUEUE_ORDER_CONFLICT
2026-06-24T14:29:48.774+09:00  WARN 66119 --- [sisibibi-api] [http-nio-8080-exec-92] .m.m.a.ExceptionHandlerExceptionResolver : Resolved [org.springframework.dao.DataIntegrityViolationException: could not execute statement [Duplicate entry '990001-4' for key 'speaking_queue.uk_speaking_queue_room_order'] [insert into speaking_queue (active_request,assigned_at,canceled_at,expires_at,queue_order,requested_at,room_id,stance,status,user_id) values (?,?,?,?,?,?,?,?,?,?)]; SQL [insert into speaking_queue (active_request,assigned_at,canceled_at,expires_at,queue_order,requested_at,room_id,stance,status,user_id) values (?,?,?,?,?,?,?,?,?,?)]; constraint [speaking_queue.uk_speaking_queue_room_order]]
2026-06-24T14:29:48.780+09:00  WARN 66119 --- [sisibibi-api] [http-nio-8080-exec-34] o.h.engine.jdbc.spi.SqlExceptionHelper   : SQL Error: 1062, SQLState: 23000
2026-06-24T14:29:48.780+09:00 ERROR 66119 --- [sisibibi-api] [http-nio-8080-exec-34] o.h.engine.jdbc.spi.SqlExceptionHelper   : Duplicate entry '990001-4' for key 'speaking_queue.uk_speaking_queue_room_order'
2026-06-24T14:29:48.781+09:00  WARN 66119 --- [sisibibi-api] [http-nio-8080-exec-34] c.s.a.g.e.GlobalExceptionHandler         : Data integrity violation. code=SPEAKING_QUEUE_ORDER_CONFLICT
2026-06-24T14:29:48.782+09:00  WARN 66119 --- [sisibibi-api] [http-nio-8080-exec-34] .m.m.a.ExceptionHandlerExceptionResolver : Resolved [org.springframework.dao.DataIntegrityViolationException: could not execute statement [Duplicate entry '990001-4' for key 'speaking_queue.uk_speaking_queue_room_order'] [insert into speaking_queue (active_request,assigned_at,canceled_at,expires_at,queue_order,requested_at,room_id,stance,status,user_id) values (?,?,?,?,?,?,?,?,?,?)]; SQL [insert into speaking_queue (active_request,assigned_at,canceled_at,expires_at,queue_order,requested_at,room_id,stance,status,user_id) values (?,?,?,?,?,?,?,?,?,?)]; constraint [speaking_queue.uk_speaking_queue_room_order]]
2026-06-24T14:29:48.786+09:00  WARN 66119 --- [sisibibi-api] [http-nio-8080-exec-99] o.h.engine.jdbc.spi.SqlExceptionHelper   : SQL Error: 1062, SQLState: 23000
2026-06-24T14:29:48.787+09:00 ERROR 66119 --- [sisibibi-api] [http-nio-8080-exec-99] o.h.engine.jdbc.spi.SqlExceptionHelper   : Duplicate entry '990001-4' for key 'speaking_queue.uk_speaking_queue_room_order'
2026-06-24T14:29:48.793+09:00  WARN 66119 --- [sisibibi-api] [http-nio-8080-exec-99] c.s.a.g.e.GlobalExceptionHandler         : Data integrity violation. code=SPEAKING_QUEUE_ORDER_CONFLICT
2026-06-24T14:29:48.794+09:00  WARN 66119 --- [sisibibi-api] [http-nio-8080-exec-99] .m.m.a.ExceptionHandlerExceptionResolver : Resolved [org.springframework.dao.DataIntegrityViolationException: could not execute statement [Duplicate entry '990001-4' for key 'speaking_queue.uk_speaking_queue_room_order'] [insert into speaking_queue (active_request,assigned_at,canceled_at,expires_at,queue_order,requested_at,room_id,stance,status,user_id) values (?,?,?,?,?,?,?,?,?,?)]; SQL [insert into speaking_queue (active_request,assigned_at,canceled_at,expires_at,queue_order,requested_at,room_id,stance,status,user_id) values (?,?,?,?,?,?,?,?,?,?)]; constraint [speaking_queue.uk_speaking_queue_room_order]]
2026-06-24T14:29:48.802+09:00  WARN 66119 --- [sisibibi-api] [http-nio-8080-exec-55] o.h.engine.jdbc.spi.SqlExceptionHelper   : SQL Error: 1062, SQLState: 23000
2026-06-24T14:29:48.802+09:00 ERROR 66119 --- [sisibibi-api] [http-nio-8080-exec-55] o.h.engine.jdbc.spi.SqlExceptionHelper   : Duplicate entry '990001-4' for key 'speaking_queue.uk_speaking_queue_room_order'
2026-06-24T14:29:48.806+09:00  WARN 66119 --- [sisibibi-api] [http-nio-8080-exec-55] c.s.a.g.e.GlobalExceptionHandler         : Data integrity violation. code=SPEAKING_QUEUE_ORDER_CONFLICT
2026-06-24T14:29:48.806+09:00  WARN 66119 --- [sisibibi-api] [http-nio-8080-exec-55] .m.m.a.ExceptionHandlerExceptionResolver : Resolved [org.springframework.dao.DataIntegrityViolationException: could not execute statement [Duplicate entry '990001-4' for key 'speaking_queue.uk_speaking_queue_room_order'] [insert into speaking_queue (active_request,assigned_at,canceled_at,expires_at,queue_order,requested_at,room_id,stance,status,user_id) values (?,?,?,?,?,?,?,?,?,?)]; SQL [insert into speaking_queue (active_request,assigned_at,canceled_at,expires_at,queue_order,requested_at,room_id,stance,status,user_id) values (?,?,?,?,?,?,?,?,?,?)]; constraint [speaking_queue.uk_speaking_queue_room_order]]
2026-06-24T14:29:48.813+09:00  WARN 66119 --- [sisibibi-api] [http-nio-8080-exec-25] o.h.engine.jdbc.spi.SqlExceptionHelper   : SQL Error: 1062, SQLState: 23000
2026-06-24T14:29:48.813+09:00 ERROR 66119 --- [sisibibi-api] [http-nio-8080-exec-25] o.h.engine.jdbc.spi.SqlExceptionHelper   : Duplicate entry '990001-4' for key 'speaking_queue.uk_speaking_queue_room_order'
2026-06-24T14:29:48.817+09:00  WARN 66119 --- [sisibibi-api] [http-nio-8080-exec-25] c.s.a.g.e.GlobalExceptionHandler         : Data integrity violation. code=SPEAKING_QUEUE_ORDER_CONFLICT
2026-06-24T14:29:48.818+09:00  WARN 66119 --- [sisibibi-api] [http-nio-8080-exec-25] .m.m.a.ExceptionHandlerExceptionResolver : Resolved [org.springframework.dao.DataIntegrityViolationException: could not execute statement [Duplicate entry '990001-4' for key 'speaking_queue.uk_speaking_queue_room_order'] [insert into speaking_queue (active_request,assigned_at,canceled_at,expires_at,queue_order,requested_at,room_id,stance,status,user_id) values (?,?,?,?,?,?,?,?,?,?)]; SQL [insert into speaking_queue (active_request,assigned_at,canceled_at,expires_at,queue_order,requested_at,room_id,stance,status,user_id) values (?,?,?,?,?,?,?,?,?,?)]; constraint [speaking_queue.uk_speaking_queue_room_order]]
2026-06-24T14:29:48.831+09:00  INFO 66119 --- [sisibibi-api] [http-nio-8080-exec-43] c.s.a.d.s.service.SpeakingQueueService   : Speaking request created. roomId=990001, userId=990001, queueOrder=5, status=WAITING
2026-06-24T14:29:48.836+09:00  WARN 66119 --- [sisibibi-api] [http-nio-8080-exec-73] o.h.engine.jdbc.spi.SqlExceptionHelper   : SQL Error: 1062, SQLState: 23000
2026-06-24T14:29:48.836+09:00 ERROR 66119 --- [sisibibi-api] [http-nio-8080-exec-73] o.h.engine.jdbc.spi.SqlExceptionHelper   : Duplicate entry '990001-5' for key 'speaking_queue.uk_speaking_queue_room_order'
2026-06-24T14:29:48.840+09:00  WARN 66119 --- [sisibibi-api] [http-nio-8080-exec-73] c.s.a.g.e.GlobalExceptionHandler         : Data integrity violation. code=SPEAKING_QUEUE_ORDER_CONFLICT
2026-06-24T14:29:48.841+09:00  WARN 66119 --- [sisibibi-api] [http-nio-8080-exec-73] .m.m.a.ExceptionHandlerExceptionResolver : Resolved [org.springframework.dao.DataIntegrityViolationException: could not execute statement [Duplicate entry '990001-5' for key 'speaking_queue.uk_speaking_queue_room_order'] [insert into speaking_queue (active_request,assigned_at,canceled_at,expires_at,queue_order,requested_at,room_id,stance,status,user_id) values (?,?,?,?,?,?,?,?,?,?)]; SQL [insert into speaking_queue (active_request,assigned_at,canceled_at,expires_at,queue_order,requested_at,room_id,stance,status,user_id) values (?,?,?,?,?,?,?,?,?,?)]; constraint [speaking_queue.uk_speaking_queue_room_order]]
2026-06-24T14:29:48.848+09:00  WARN 66119 --- [sisibibi-api] [http-nio-8080-exec-29] o.h.engine.jdbc.spi.SqlExceptionHelper   : SQL Error: 1062, SQLState: 23000
2026-06-24T14:29:48.848+09:00 ERROR 66119 --- [sisibibi-api] [http-nio-8080-exec-29] o.h.engine.jdbc.spi.SqlExceptionHelper   : Duplicate entry '990001-5' for key 'speaking_queue.uk_speaking_queue_room_order'
2026-06-24T14:29:48.852+09:00  WARN 66119 --- [sisibibi-api] [http-nio-8080-exec-29] c.s.a.g.e.GlobalExceptionHandler         : Data integrity violation. code=SPEAKING_QUEUE_ORDER_CONFLICT
2026-06-24T14:29:48.852+09:00  WARN 66119 --- [sisibibi-api] [http-nio-8080-exec-29] .m.m.a.ExceptionHandlerExceptionResolver : Resolved [org.springframework.dao.DataIntegrityViolationException: could not execute statement [Duplicate entry '990001-5' for key 'speaking_queue.uk_speaking_queue_room_order'] [insert into speaking_queue (active_request,assigned_at,canceled_at,expires_at,queue_order,requested_at,room_id,stance,status,user_id) values (?,?,?,?,?,?,?,?,?,?)]; SQL [insert into speaking_queue (active_request,assigned_at,canceled_at,expires_at,queue_order,requested_at,room_id,stance,status,user_id) values (?,?,?,?,?,?,?,?,?,?)]; constraint [speaking_queue.uk_speaking_queue_room_order]]
2026-06-24T14:29:48.860+09:00  WARN 66119 --- [sisibibi-api] [http-nio-8080-exec-66] o.h.engine.jdbc.spi.SqlExceptionHelper   : SQL Error: 1062, SQLState: 23000
2026-06-24T14:29:48.860+09:00 ERROR 66119 --- [sisibibi-api] [http-nio-8080-exec-66] o.h.engine.jdbc.spi.SqlExceptionHelper   : Duplicate entry '990001-5' for key 'speaking_queue.uk_speaking_queue_room_order'
2026-06-24T14:29:48.864+09:00  WARN 66119 --- [sisibibi-api] [http-nio-8080-exec-66] c.s.a.g.e.GlobalExceptionHandler         : Data integrity violation. code=SPEAKING_QUEUE_ORDER_CONFLICT
2026-06-24T14:29:48.865+09:00  WARN 66119 --- [sisibibi-api] [http-nio-8080-exec-66] .m.m.a.ExceptionHandlerExceptionResolver : Resolved [org.springframework.dao.DataIntegrityViolationException: could not execute statement [Duplicate entry '990001-5' for key 'speaking_queue.uk_speaking_queue_room_order'] [insert into speaking_queue (active_request,assigned_at,canceled_at,expires_at,queue_order,requested_at,room_id,stance,status,user_id) values (?,?,?,?,?,?,?,?,?,?)]; SQL [insert into speaking_queue (active_request,assigned_at,canceled_at,expires_at,queue_order,requested_at,room_id,stance,status,user_id) values (?,?,?,?,?,?,?,?,?,?)]; constraint [speaking_queue.uk_speaking_queue_room_order]]
2026-06-24T14:29:48.883+09:00  WARN 66119 --- [sisibibi-api] [http-nio-8080-exec-50] o.h.engine.jdbc.spi.SqlExceptionHelper   : SQL Error: 1062, SQLState: 23000
2026-06-24T14:29:48.883+09:00 ERROR 66119 --- [sisibibi-api] [http-nio-8080-exec-50] o.h.engine.jdbc.spi.SqlExceptionHelper   : Duplicate entry '990001-5' for key 'speaking_queue.uk_speaking_queue_room_order'
2026-06-24T14:29:48.886+09:00  WARN 66119 --- [sisibibi-api] [http-nio-8080-exec-50] c.s.a.g.e.GlobalExceptionHandler         : Data integrity violation. code=SPEAKING_QUEUE_ORDER_CONFLICT
2026-06-24T14:29:48.887+09:00  WARN 66119 --- [sisibibi-api] [http-nio-8080-exec-50] .m.m.a.ExceptionHandlerExceptionResolver : Resolved [org.springframework.dao.DataIntegrityViolationException: could not execute statement [Duplicate entry '990001-5' for key 'speaking_queue.uk_speaking_queue_room_order'] [insert into speaking_queue (active_request,assigned_at,canceled_at,expires_at,queue_order,requested_at,room_id,stance,status,user_id) values (?,?,?,?,?,?,?,?,?,?)]; SQL [insert into speaking_queue (active_request,assigned_at,canceled_at,expires_at,queue_order,requested_at,room_id,stance,status,user_id) values (?,?,?,?,?,?,?,?,?,?)]; constraint [speaking_queue.uk_speaking_queue_room_order]]
2026-06-24T14:29:48.896+09:00  WARN 66119 --- [sisibibi-api] [http-nio-8080-exec-85] o.h.engine.jdbc.spi.SqlExceptionHelper   : SQL Error: 1062, SQLState: 23000
2026-06-24T14:29:48.897+09:00 ERROR 66119 --- [sisibibi-api] [http-nio-8080-exec-85] o.h.engine.jdbc.spi.SqlExceptionHelper   : Duplicate entry '990001-5' for key 'speaking_queue.uk_speaking_queue_room_order'
2026-06-24T14:29:48.899+09:00  WARN 66119 --- [sisibibi-api] [http-nio-8080-exec-85] c.s.a.g.e.GlobalExceptionHandler         : Data integrity violation. code=SPEAKING_QUEUE_ORDER_CONFLICT
2026-06-24T14:29:48.910+09:00  WARN 66119 --- [sisibibi-api] [http-nio-8080-exec-85] .m.m.a.ExceptionHandlerExceptionResolver : Resolved [org.springframework.dao.DataIntegrityViolationException: could not execute statement [Duplicate entry '990001-5' for key 'speaking_queue.uk_speaking_queue_room_order'] [insert into speaking_queue (active_request,assigned_at,canceled_at,expires_at,queue_order,requested_at,room_id,stance,status,user_id) values (?,?,?,?,?,?,?,?,?,?)]; SQL [insert into speaking_queue (active_request,assigned_at,canceled_at,expires_at,queue_order,requested_at,room_id,stance,status,user_id) values (?,?,?,?,?,?,?,?,?,?)]; constraint [speaking_queue.uk_speaking_queue_room_order]]
2026-06-24T14:29:48.920+09:00  WARN 66119 --- [sisibibi-api] [http-nio-8080-exec-24] o.h.engine.jdbc.spi.SqlExceptionHelper   : SQL Error: 1062, SQLState: 23000
2026-06-24T14:29:48.920+09:00 ERROR 66119 --- [sisibibi-api] [http-nio-8080-exec-24] o.h.engine.jdbc.spi.SqlExceptionHelper   : Duplicate entry '990001-5' for key 'speaking_queue.uk_speaking_queue_room_order'
2026-06-24T14:29:48.927+09:00  WARN 66119 --- [sisibibi-api] [http-nio-8080-exec-24] c.s.a.g.e.GlobalExceptionHandler         : Data integrity violation. code=SPEAKING_QUEUE_ORDER_CONFLICT
2026-06-24T14:29:48.927+09:00  WARN 66119 --- [sisibibi-api] [http-nio-8080-exec-24] .m.m.a.ExceptionHandlerExceptionResolver : Resolved [org.springframework.dao.DataIntegrityViolationException: could not execute statement [Duplicate entry '990001-5' for key 'speaking_queue.uk_speaking_queue_room_order'] [insert into speaking_queue (active_request,assigned_at,canceled_at,expires_at,queue_order,requested_at,room_id,stance,status,user_id) values (?,?,?,?,?,?,?,?,?,?)]; SQL [insert into speaking_queue (active_request,assigned_at,canceled_at,expires_at,queue_order,requested_at,room_id,stance,status,user_id) values (?,?,?,?,?,?,?,?,?,?)]; constraint [speaking_queue.uk_speaking_queue_room_order]]
2026-06-24T14:29:48.933+09:00  WARN 66119 --- [sisibibi-api] [http-nio-8080-exec-63] o.h.engine.jdbc.spi.SqlExceptionHelper   : SQL Error: 1062, SQLState: 23000
2026-06-24T14:29:48.933+09:00 ERROR 66119 --- [sisibibi-api] [http-nio-8080-exec-63] o.h.engine.jdbc.spi.SqlExceptionHelper   : Duplicate entry '990001-5' for key 'speaking_queue.uk_speaking_queue_room_order'
2026-06-24T14:29:48.935+09:00  WARN 66119 --- [sisibibi-api] [http-nio-8080-exec-63] c.s.a.g.e.GlobalExceptionHandler         : Data integrity violation. code=SPEAKING_QUEUE_ORDER_CONFLICT
2026-06-24T14:29:48.936+09:00  WARN 66119 --- [sisibibi-api] [http-nio-8080-exec-63] .m.m.a.ExceptionHandlerExceptionResolver : Resolved [org.springframework.dao.DataIntegrityViolationException: could not execute statement [Duplicate entry '990001-5' for key 'speaking_queue.uk_speaking_queue_room_order'] [insert into speaking_queue (active_request,assigned_at,canceled_at,expires_at,queue_order,requested_at,room_id,stance,status,user_id) values (?,?,?,?,?,?,?,?,?,?)]; SQL [insert into speaking_queue (active_request,assigned_at,canceled_at,expires_at,queue_order,requested_at,room_id,stance,status,user_id) values (?,?,?,?,?,?,?,?,?,?)]; constraint [speaking_queue.uk_speaking_queue_room_order]]
2026-06-24T14:29:48.940+09:00  WARN 66119 --- [sisibibi-api] [http-nio-8080-exec-12] o.h.engine.jdbc.spi.SqlExceptionHelper   : SQL Error: 1062, SQLState: 23000
2026-06-24T14:29:48.940+09:00 ERROR 66119 --- [sisibibi-api] [http-nio-8080-exec-12] o.h.engine.jdbc.spi.SqlExceptionHelper   : Duplicate entry '990001-5' for key 'speaking_queue.uk_speaking_queue_room_order'
2026-06-24T14:29:48.943+09:00  WARN 66119 --- [sisibibi-api] [http-nio-8080-exec-12] c.s.a.g.e.GlobalExceptionHandler         : Data integrity violation. code=SPEAKING_QUEUE_ORDER_CONFLICT
2026-06-24T14:29:48.943+09:00  WARN 66119 --- [sisibibi-api] [http-nio-8080-exec-12] .m.m.a.ExceptionHandlerExceptionResolver : Resolved [org.springframework.dao.DataIntegrityViolationException: could not execute statement [Duplicate entry '990001-5' for key 'speaking_queue.uk_speaking_queue_room_order'] [insert into speaking_queue (active_request,assigned_at,canceled_at,expires_at,queue_order,requested_at,room_id,stance,status,user_id) values (?,?,?,?,?,?,?,?,?,?)]; SQL [insert into speaking_queue (active_request,assigned_at,canceled_at,expires_at,queue_order,requested_at,room_id,stance,status,user_id) values (?,?,?,?,?,?,?,?,?,?)]; constraint [speaking_queue.uk_speaking_queue_room_order]]
2026-06-24T14:29:48.950+09:00  WARN 66119 --- [sisibibi-api] [http-nio-8080-exec-80] o.h.engine.jdbc.spi.SqlExceptionHelper   : SQL Error: 1062, SQLState: 23000
2026-06-24T14:29:48.950+09:00 ERROR 66119 --- [sisibibi-api] [http-nio-8080-exec-80] o.h.engine.jdbc.spi.SqlExceptionHelper   : Duplicate entry '990001-5' for key 'speaking_queue.uk_speaking_queue_room_order'
2026-06-24T14:29:48.952+09:00  WARN 66119 --- [sisibibi-api] [http-nio-8080-exec-80] c.s.a.g.e.GlobalExceptionHandler         : Data integrity violation. code=SPEAKING_QUEUE_ORDER_CONFLICT
2026-06-24T14:29:48.953+09:00  WARN 66119 --- [sisibibi-api] [http-nio-8080-exec-80] .m.m.a.ExceptionHandlerExceptionResolver : Resolved [org.springframework.dao.DataIntegrityViolationException: could not execute statement [Duplicate entry '990001-5' for key 'speaking_queue.uk_speaking_queue_room_order'] [insert into speaking_queue (active_request,assigned_at,canceled_at,expires_at,queue_order,requested_at,room_id,stance,status,user_id) values (?,?,?,?,?,?,?,?,?,?)]; SQL [insert into speaking_queue (active_request,assigned_at,canceled_at,expires_at,queue_order,requested_at,room_id,stance,status,user_id) values (?,?,?,?,?,?,?,?,?,?)]; constraint [speaking_queue.uk_speaking_queue_room_order]]
2026-06-24T14:29:48.988+09:00  INFO 66119 --- [sisibibi-api] [http-nio-8080-exec-58] c.s.a.d.s.service.SpeakingQueueService   : Speaking request created. roomId=990001, userId=990063, queueOrder=6, status=WAITING
2026-06-24T14:29:48.996+09:00  WARN 66119 --- [sisibibi-api] [http-nio-8080-exec-96] o.h.engine.jdbc.spi.SqlExceptionHelper   : SQL Error: 1062, SQLState: 23000
2026-06-24T14:29:48.996+09:00 ERROR 66119 --- [sisibibi-api] [http-nio-8080-exec-96] o.h.engine.jdbc.spi.SqlExceptionHelper   : Duplicate entry '990001-6' for key 'speaking_queue.uk_speaking_queue_room_order'
2026-06-24T14:29:49.001+09:00  WARN 66119 --- [sisibibi-api] [http-nio-8080-exec-96] c.s.a.g.e.GlobalExceptionHandler         : Data integrity violation. code=SPEAKING_QUEUE_ORDER_CONFLICT
2026-06-24T14:29:49.001+09:00  WARN 66119 --- [sisibibi-api] [http-nio-8080-exec-96] .m.m.a.ExceptionHandlerExceptionResolver : Resolved [org.springframework.dao.DataIntegrityViolationException: could not execute statement [Duplicate entry '990001-6' for key 'speaking_queue.uk_speaking_queue_room_order'] [insert into speaking_queue (active_request,assigned_at,canceled_at,expires_at,queue_order,requested_at,room_id,stance,status,user_id) values (?,?,?,?,?,?,?,?,?,?)]; SQL [insert into speaking_queue (active_request,assigned_at,canceled_at,expires_at,queue_order,requested_at,room_id,stance,status,user_id) values (?,?,?,?,?,?,?,?,?,?)]; constraint [speaking_queue.uk_speaking_queue_room_order]]
2026-06-24T14:29:49.007+09:00  WARN 66119 --- [sisibibi-api] [http-nio-8080-exec-51] o.h.engine.jdbc.spi.SqlExceptionHelper   : SQL Error: 1062, SQLState: 23000
2026-06-24T14:29:49.007+09:00 ERROR 66119 --- [sisibibi-api] [http-nio-8080-exec-51] o.h.engine.jdbc.spi.SqlExceptionHelper   : Duplicate entry '990001-6' for key 'speaking_queue.uk_speaking_queue_room_order'
2026-06-24T14:29:49.009+09:00  WARN 66119 --- [sisibibi-api] [http-nio-8080-exec-51] c.s.a.g.e.GlobalExceptionHandler         : Data integrity violation. code=SPEAKING_QUEUE_ORDER_CONFLICT
2026-06-24T14:29:49.010+09:00  WARN 66119 --- [sisibibi-api] [http-nio-8080-exec-51] .m.m.a.ExceptionHandlerExceptionResolver : Resolved [org.springframework.dao.DataIntegrityViolationException: could not execute statement [Duplicate entry '990001-6' for key 'speaking_queue.uk_speaking_queue_room_order'] [insert into speaking_queue (active_request,assigned_at,canceled_at,expires_at,queue_order,requested_at,room_id,stance,status,user_id) values (?,?,?,?,?,?,?,?,?,?)]; SQL [insert into speaking_queue (active_request,assigned_at,canceled_at,expires_at,queue_order,requested_at,room_id,stance,status,user_id) values (?,?,?,?,?,?,?,?,?,?)]; constraint [speaking_queue.uk_speaking_queue_room_order]]
2026-06-24T14:29:49.018+09:00  WARN 66119 --- [sisibibi-api] [http-nio-8080-exec-59] o.h.engine.jdbc.spi.SqlExceptionHelper   : SQL Error: 1062, SQLState: 23000
2026-06-24T14:29:49.019+09:00 ERROR 66119 --- [sisibibi-api] [http-nio-8080-exec-59] o.h.engine.jdbc.spi.SqlExceptionHelper   : Duplicate entry '990001-6' for key 'speaking_queue.uk_speaking_queue_room_order'
2026-06-24T14:29:49.021+09:00  WARN 66119 --- [sisibibi-api] [http-nio-8080-exec-59] c.s.a.g.e.GlobalExceptionHandler         : Data integrity violation. code=SPEAKING_QUEUE_ORDER_CONFLICT
2026-06-24T14:29:49.021+09:00  WARN 66119 --- [sisibibi-api] [http-nio-8080-exec-59] .m.m.a.ExceptionHandlerExceptionResolver : Resolved [org.springframework.dao.DataIntegrityViolationException: could not execute statement [Duplicate entry '990001-6' for key 'speaking_queue.uk_speaking_queue_room_order'] [insert into speaking_queue (active_request,assigned_at,canceled_at,expires_at,queue_order,requested_at,room_id,stance,status,user_id) values (?,?,?,?,?,?,?,?,?,?)]; SQL [insert into speaking_queue (active_request,assigned_at,canceled_at,expires_at,queue_order,requested_at,room_id,stance,status,user_id) values (?,?,?,?,?,?,?,?,?,?)]; constraint [speaking_queue.uk_speaking_queue_room_order]]
2026-06-24T14:29:49.028+09:00  WARN 66119 --- [sisibibi-api] [http-nio-8080-exec-7] o.h.engine.jdbc.spi.SqlExceptionHelper   : SQL Error: 1062, SQLState: 23000
2026-06-24T14:29:49.028+09:00 ERROR 66119 --- [sisibibi-api] [http-nio-8080-exec-7] o.h.engine.jdbc.spi.SqlExceptionHelper   : Duplicate entry '990001-6' for key 'speaking_queue.uk_speaking_queue_room_order'
2026-06-24T14:29:49.030+09:00  WARN 66119 --- [sisibibi-api] [http-nio-8080-exec-7] c.s.a.g.e.GlobalExceptionHandler         : Data integrity violation. code=SPEAKING_QUEUE_ORDER_CONFLICT
2026-06-24T14:29:49.031+09:00  WARN 66119 --- [sisibibi-api] [http-nio-8080-exec-7] .m.m.a.ExceptionHandlerExceptionResolver : Resolved [org.springframework.dao.DataIntegrityViolationException: could not execute statement [Duplicate entry '990001-6' for key 'speaking_queue.uk_speaking_queue_room_order'] [insert into speaking_queue (active_request,assigned_at,canceled_at,expires_at,queue_order,requested_at,room_id,stance,status,user_id) values (?,?,?,?,?,?,?,?,?,?)]; SQL [insert into speaking_queue (active_request,assigned_at,canceled_at,expires_at,queue_order,requested_at,room_id,stance,status,user_id) values (?,?,?,?,?,?,?,?,?,?)]; constraint [speaking_queue.uk_speaking_queue_room_order]]
2026-06-24T14:29:49.035+09:00  WARN 66119 --- [sisibibi-api] [http-nio-8080-exec-4] o.h.engine.jdbc.spi.SqlExceptionHelper   : SQL Error: 1062, SQLState: 23000
2026-06-24T14:29:49.035+09:00 ERROR 66119 --- [sisibibi-api] [http-nio-8080-exec-4] o.h.engine.jdbc.spi.SqlExceptionHelper   : Duplicate entry '990001-6' for key 'speaking_queue.uk_speaking_queue_room_order'
2026-06-24T14:29:49.037+09:00  WARN 66119 --- [sisibibi-api] [http-nio-8080-exec-4] c.s.a.g.e.GlobalExceptionHandler         : Data integrity violation. code=SPEAKING_QUEUE_ORDER_CONFLICT
2026-06-24T14:29:49.038+09:00  WARN 66119 --- [sisibibi-api] [http-nio-8080-exec-4] .m.m.a.ExceptionHandlerExceptionResolver : Resolved [org.springframework.dao.DataIntegrityViolationException: could not execute statement [Duplicate entry '990001-6' for key 'speaking_queue.uk_speaking_queue_room_order'] [insert into speaking_queue (active_request,assigned_at,canceled_at,expires_at,queue_order,requested_at,room_id,stance,status,user_id) values (?,?,?,?,?,?,?,?,?,?)]; SQL [insert into speaking_queue (active_request,assigned_at,canceled_at,expires_at,queue_order,requested_at,room_id,stance,status,user_id) values (?,?,?,?,?,?,?,?,?,?)]; constraint [speaking_queue.uk_speaking_queue_room_order]]
2026-06-24T14:29:49.043+09:00  WARN 66119 --- [sisibibi-api] [http-nio-8080-exec-10] o.h.engine.jdbc.spi.SqlExceptionHelper   : SQL Error: 1062, SQLState: 23000
2026-06-24T14:29:49.043+09:00 ERROR 66119 --- [sisibibi-api] [http-nio-8080-exec-10] o.h.engine.jdbc.spi.SqlExceptionHelper   : Duplicate entry '990001-6' for key 'speaking_queue.uk_speaking_queue_room_order'
2026-06-24T14:29:49.045+09:00  WARN 66119 --- [sisibibi-api] [http-nio-8080-exec-10] c.s.a.g.e.GlobalExceptionHandler         : Data integrity violation. code=SPEAKING_QUEUE_ORDER_CONFLICT
2026-06-24T14:29:49.045+09:00  WARN 66119 --- [sisibibi-api] [http-nio-8080-exec-10] .m.m.a.ExceptionHandlerExceptionResolver : Resolved [org.springframework.dao.DataIntegrityViolationException: could not execute statement [Duplicate entry '990001-6' for key 'speaking_queue.uk_speaking_queue_room_order'] [insert into speaking_queue (active_request,assigned_at,canceled_at,expires_at,queue_order,requested_at,room_id,stance,status,user_id) values (?,?,?,?,?,?,?,?,?,?)]; SQL [insert into speaking_queue (active_request,assigned_at,canceled_at,expires_at,queue_order,requested_at,room_id,stance,status,user_id) values (?,?,?,?,?,?,?,?,?,?)]; constraint [speaking_queue.uk_speaking_queue_room_order]]
2026-06-24T14:29:49.050+09:00  WARN 66119 --- [sisibibi-api] [http-nio-8080-exec-57] o.h.engine.jdbc.spi.SqlExceptionHelper   : SQL Error: 1062, SQLState: 23000
2026-06-24T14:29:49.050+09:00 ERROR 66119 --- [sisibibi-api] [http-nio-8080-exec-57] o.h.engine.jdbc.spi.SqlExceptionHelper   : Duplicate entry '990001-6' for key 'speaking_queue.uk_speaking_queue_room_order'
2026-06-24T14:29:49.052+09:00  WARN 66119 --- [sisibibi-api] [http-nio-8080-exec-57] c.s.a.g.e.GlobalExceptionHandler         : Data integrity violation. code=SPEAKING_QUEUE_ORDER_CONFLICT
2026-06-24T14:29:49.053+09:00  WARN 66119 --- [sisibibi-api] [http-nio-8080-exec-57] .m.m.a.ExceptionHandlerExceptionResolver : Resolved [org.springframework.dao.DataIntegrityViolationException: could not execute statement [Duplicate entry '990001-6' for key 'speaking_queue.uk_speaking_queue_room_order'] [insert into speaking_queue (active_request,assigned_at,canceled_at,expires_at,queue_order,requested_at,room_id,stance,status,user_id) values (?,?,?,?,?,?,?,?,?,?)]; SQL [insert into speaking_queue (active_request,assigned_at,canceled_at,expires_at,queue_order,requested_at,room_id,stance,status,user_id) values (?,?,?,?,?,?,?,?,?,?)]; constraint [speaking_queue.uk_speaking_queue_room_order]]
2026-06-24T14:29:49.057+09:00  WARN 66119 --- [sisibibi-api] [http-nio-8080-exec-20] o.h.engine.jdbc.spi.SqlExceptionHelper   : SQL Error: 1062, SQLState: 23000
2026-06-24T14:29:49.057+09:00 ERROR 66119 --- [sisibibi-api] [http-nio-8080-exec-20] o.h.engine.jdbc.spi.SqlExceptionHelper   : Duplicate entry '990001-6' for key 'speaking_queue.uk_speaking_queue_room_order'
2026-06-24T14:29:49.060+09:00  WARN 66119 --- [sisibibi-api] [http-nio-8080-exec-20] c.s.a.g.e.GlobalExceptionHandler         : Data integrity violation. code=SPEAKING_QUEUE_ORDER_CONFLICT
2026-06-24T14:29:49.060+09:00  WARN 66119 --- [sisibibi-api] [http-nio-8080-exec-20] .m.m.a.ExceptionHandlerExceptionResolver : Resolved [org.springframework.dao.DataIntegrityViolationException: could not execute statement [Duplicate entry '990001-6' for key 'speaking_queue.uk_speaking_queue_room_order'] [insert into speaking_queue (active_request,assigned_at,canceled_at,expires_at,queue_order,requested_at,room_id,stance,status,user_id) values (?,?,?,?,?,?,?,?,?,?)]; SQL [insert into speaking_queue (active_request,assigned_at,canceled_at,expires_at,queue_order,requested_at,room_id,stance,status,user_id) values (?,?,?,?,?,?,?,?,?,?)]; constraint [speaking_queue.uk_speaking_queue_room_order]]
2026-06-24T14:29:49.064+09:00  WARN 66119 --- [sisibibi-api] [http-nio-8080-exec-23] o.h.engine.jdbc.spi.SqlExceptionHelper   : SQL Error: 1062, SQLState: 23000
2026-06-24T14:29:49.064+09:00 ERROR 66119 --- [sisibibi-api] [http-nio-8080-exec-23] o.h.engine.jdbc.spi.SqlExceptionHelper   : Duplicate entry '990001-6' for key 'speaking_queue.uk_speaking_queue_room_order'
2026-06-24T14:29:49.067+09:00  WARN 66119 --- [sisibibi-api] [http-nio-8080-exec-23] c.s.a.g.e.GlobalExceptionHandler         : Data integrity violation. code=SPEAKING_QUEUE_ORDER_CONFLICT
2026-06-24T14:29:49.068+09:00  WARN 66119 --- [sisibibi-api] [http-nio-8080-exec-23] .m.m.a.ExceptionHandlerExceptionResolver : Resolved [org.springframework.dao.DataIntegrityViolationException: could not execute statement [Duplicate entry '990001-6' for key 'speaking_queue.uk_speaking_queue_room_order'] [insert into speaking_queue (active_request,assigned_at,canceled_at,expires_at,queue_order,requested_at,room_id,stance,status,user_id) values (?,?,?,?,?,?,?,?,?,?)]; SQL [insert into speaking_queue (active_request,assigned_at,canceled_at,expires_at,queue_order,requested_at,room_id,stance,status,user_id) values (?,?,?,?,?,?,?,?,?,?)]; constraint [speaking_queue.uk_speaking_queue_room_order]]
2026-06-24T14:29:49.077+09:00  INFO 66119 --- [sisibibi-api] [http-nio-8080-exec-70] c.s.a.d.s.service.SpeakingQueueService   : Speaking request created. roomId=990001, userId=990066, queueOrder=7, status=WAITING
2026-06-24T14:29:49.082+09:00  WARN 66119 --- [sisibibi-api] [http-nio-8080-exec-53] o.h.engine.jdbc.spi.SqlExceptionHelper   : SQL Error: 1062, SQLState: 23000
2026-06-24T14:29:49.082+09:00 ERROR 66119 --- [sisibibi-api] [http-nio-8080-exec-53] o.h.engine.jdbc.spi.SqlExceptionHelper   : Duplicate entry '990001-7' for key 'speaking_queue.uk_speaking_queue_room_order'
2026-06-24T14:29:49.084+09:00  WARN 66119 --- [sisibibi-api] [http-nio-8080-exec-53] c.s.a.g.e.GlobalExceptionHandler         : Data integrity violation. code=SPEAKING_QUEUE_ORDER_CONFLICT
2026-06-24T14:29:49.084+09:00  WARN 66119 --- [sisibibi-api] [http-nio-8080-exec-53] .m.m.a.ExceptionHandlerExceptionResolver : Resolved [org.springframework.dao.DataIntegrityViolationException: could not execute statement [Duplicate entry '990001-7' for key 'speaking_queue.uk_speaking_queue_room_order'] [insert into speaking_queue (active_request,assigned_at,canceled_at,expires_at,queue_order,requested_at,room_id,stance,status,user_id) values (?,?,?,?,?,?,?,?,?,?)]; SQL [insert into speaking_queue (active_request,assigned_at,canceled_at,expires_at,queue_order,requested_at,room_id,stance,status,user_id) values (?,?,?,?,?,?,?,?,?,?)]; constraint [speaking_queue.uk_speaking_queue_room_order]]
2026-06-24T14:29:49.088+09:00  WARN 66119 --- [sisibibi-api] [http-nio-8080-exec-91] o.h.engine.jdbc.spi.SqlExceptionHelper   : SQL Error: 1062, SQLState: 23000
2026-06-24T14:29:49.088+09:00 ERROR 66119 --- [sisibibi-api] [http-nio-8080-exec-91] o.h.engine.jdbc.spi.SqlExceptionHelper   : Duplicate entry '990001-7' for key 'speaking_queue.uk_speaking_queue_room_order'
2026-06-24T14:29:49.090+09:00  WARN 66119 --- [sisibibi-api] [http-nio-8080-exec-91] c.s.a.g.e.GlobalExceptionHandler         : Data integrity violation. code=SPEAKING_QUEUE_ORDER_CONFLICT
2026-06-24T14:29:49.090+09:00  WARN 66119 --- [sisibibi-api] [http-nio-8080-exec-91] .m.m.a.ExceptionHandlerExceptionResolver : Resolved [org.springframework.dao.DataIntegrityViolationException: could not execute statement [Duplicate entry '990001-7' for key 'speaking_queue.uk_speaking_queue_room_order'] [insert into speaking_queue (active_request,assigned_at,canceled_at,expires_at,queue_order,requested_at,room_id,stance,status,user_id) values (?,?,?,?,?,?,?,?,?,?)]; SQL [insert into speaking_queue (active_request,assigned_at,canceled_at,expires_at,queue_order,requested_at,room_id,stance,status,user_id) values (?,?,?,?,?,?,?,?,?,?)]; constraint [speaking_queue.uk_speaking_queue_room_order]]
2026-06-24T14:29:49.093+09:00  WARN 66119 --- [sisibibi-api] [http-nio-8080-exec-68] o.h.engine.jdbc.spi.SqlExceptionHelper   : SQL Error: 1062, SQLState: 23000
2026-06-24T14:29:49.093+09:00 ERROR 66119 --- [sisibibi-api] [http-nio-8080-exec-68] o.h.engine.jdbc.spi.SqlExceptionHelper   : Duplicate entry '990001-7' for key 'speaking_queue.uk_speaking_queue_room_order'
2026-06-24T14:29:49.095+09:00  WARN 66119 --- [sisibibi-api] [http-nio-8080-exec-68] c.s.a.g.e.GlobalExceptionHandler         : Data integrity violation. code=SPEAKING_QUEUE_ORDER_CONFLICT
2026-06-24T14:29:49.095+09:00  WARN 66119 --- [sisibibi-api] [http-nio-8080-exec-68] .m.m.a.ExceptionHandlerExceptionResolver : Resolved [org.springframework.dao.DataIntegrityViolationException: could not execute statement [Duplicate entry '990001-7' for key 'speaking_queue.uk_speaking_queue_room_order'] [insert into speaking_queue (active_request,assigned_at,canceled_at,expires_at,queue_order,requested_at,room_id,stance,status,user_id) values (?,?,?,?,?,?,?,?,?,?)]; SQL [insert into speaking_queue (active_request,assigned_at,canceled_at,expires_at,queue_order,requested_at,room_id,stance,status,user_id) values (?,?,?,?,?,?,?,?,?,?)]; constraint [speaking_queue.uk_speaking_queue_room_order]]
2026-06-24T14:29:49.098+09:00  WARN 66119 --- [sisibibi-api] [http-nio-8080-exec-82] o.h.engine.jdbc.spi.SqlExceptionHelper   : SQL Error: 1062, SQLState: 23000
2026-06-24T14:29:49.098+09:00 ERROR 66119 --- [sisibibi-api] [http-nio-8080-exec-82] o.h.engine.jdbc.spi.SqlExceptionHelper   : Duplicate entry '990001-7' for key 'speaking_queue.uk_speaking_queue_room_order'
2026-06-24T14:29:49.099+09:00  WARN 66119 --- [sisibibi-api] [http-nio-8080-exec-82] c.s.a.g.e.GlobalExceptionHandler         : Data integrity violation. code=SPEAKING_QUEUE_ORDER_CONFLICT
2026-06-24T14:29:49.100+09:00  WARN 66119 --- [sisibibi-api] [http-nio-8080-exec-82] .m.m.a.ExceptionHandlerExceptionResolver : Resolved [org.springframework.dao.DataIntegrityViolationException: could not execute statement [Duplicate entry '990001-7' for key 'speaking_queue.uk_speaking_queue_room_order'] [insert into speaking_queue (active_request,assigned_at,canceled_at,expires_at,queue_order,requested_at,room_id,stance,status,user_id) values (?,?,?,?,?,?,?,?,?,?)]; SQL [insert into speaking_queue (active_request,assigned_at,canceled_at,expires_at,queue_order,requested_at,room_id,stance,status,user_id) values (?,?,?,?,?,?,?,?,?,?)]; constraint [speaking_queue.uk_speaking_queue_room_order]]
2026-06-24T14:29:49.102+09:00  WARN 66119 --- [sisibibi-api] [http-nio-8080-exec-8] o.h.engine.jdbc.spi.SqlExceptionHelper   : SQL Error: 1062, SQLState: 23000
2026-06-24T14:29:49.102+09:00 ERROR 66119 --- [sisibibi-api] [http-nio-8080-exec-8] o.h.engine.jdbc.spi.SqlExceptionHelper   : Duplicate entry '990001-7' for key 'speaking_queue.uk_speaking_queue_room_order'
2026-06-24T14:29:49.104+09:00  WARN 66119 --- [sisibibi-api] [http-nio-8080-exec-8] c.s.a.g.e.GlobalExceptionHandler         : Data integrity violation. code=SPEAKING_QUEUE_ORDER_CONFLICT
2026-06-24T14:29:49.104+09:00  WARN 66119 --- [sisibibi-api] [http-nio-8080-exec-8] .m.m.a.ExceptionHandlerExceptionResolver : Resolved [org.springframework.dao.DataIntegrityViolationException: could not execute statement [Duplicate entry '990001-7' for key 'speaking_queue.uk_speaking_queue_room_order'] [insert into speaking_queue (active_request,assigned_at,canceled_at,expires_at,queue_order,requested_at,room_id,stance,status,user_id) values (?,?,?,?,?,?,?,?,?,?)]; SQL [insert into speaking_queue (active_request,assigned_at,canceled_at,expires_at,queue_order,requested_at,room_id,stance,status,user_id) values (?,?,?,?,?,?,?,?,?,?)]; constraint [speaking_queue.uk_speaking_queue_room_order]]
2026-06-24T14:29:49.109+09:00  WARN 66119 --- [sisibibi-api] [http-nio-8080-exec-22] o.h.engine.jdbc.spi.SqlExceptionHelper   : SQL Error: 1062, SQLState: 23000
2026-06-24T14:29:49.109+09:00 ERROR 66119 --- [sisibibi-api] [http-nio-8080-exec-22] o.h.engine.jdbc.spi.SqlExceptionHelper   : Duplicate entry '990001-7' for key 'speaking_queue.uk_speaking_queue_room_order'
2026-06-24T14:29:49.110+09:00  WARN 66119 --- [sisibibi-api] [http-nio-8080-exec-22] c.s.a.g.e.GlobalExceptionHandler         : Data integrity violation. code=SPEAKING_QUEUE_ORDER_CONFLICT
2026-06-24T14:29:49.110+09:00  WARN 66119 --- [sisibibi-api] [http-nio-8080-exec-22] .m.m.a.ExceptionHandlerExceptionResolver : Resolved [org.springframework.dao.DataIntegrityViolationException: could not execute statement [Duplicate entry '990001-7' for key 'speaking_queue.uk_speaking_queue_room_order'] [insert into speaking_queue (active_request,assigned_at,canceled_at,expires_at,queue_order,requested_at,room_id,stance,status,user_id) values (?,?,?,?,?,?,?,?,?,?)]; SQL [insert into speaking_queue (active_request,assigned_at,canceled_at,expires_at,queue_order,requested_at,room_id,stance,status,user_id) values (?,?,?,?,?,?,?,?,?,?)]; constraint [speaking_queue.uk_speaking_queue_room_order]]
2026-06-24T14:29:49.113+09:00  WARN 66119 --- [sisibibi-api] [http-nio-8080-exec-90] o.h.engine.jdbc.spi.SqlExceptionHelper   : SQL Error: 1062, SQLState: 23000
2026-06-24T14:29:49.113+09:00 ERROR 66119 --- [sisibibi-api] [http-nio-8080-exec-90] o.h.engine.jdbc.spi.SqlExceptionHelper   : Duplicate entry '990001-7' for key 'speaking_queue.uk_speaking_queue_room_order'
2026-06-24T14:29:49.115+09:00  WARN 66119 --- [sisibibi-api] [http-nio-8080-exec-90] c.s.a.g.e.GlobalExceptionHandler         : Data integrity violation. code=SPEAKING_QUEUE_ORDER_CONFLICT
2026-06-24T14:29:49.115+09:00  WARN 66119 --- [sisibibi-api] [http-nio-8080-exec-90] .m.m.a.ExceptionHandlerExceptionResolver : Resolved [org.springframework.dao.DataIntegrityViolationException: could not execute statement [Duplicate entry '990001-7' for key 'speaking_queue.uk_speaking_queue_room_order'] [insert into speaking_queue (active_request,assigned_at,canceled_at,expires_at,queue_order,requested_at,room_id,stance,status,user_id) values (?,?,?,?,?,?,?,?,?,?)]; SQL [insert into speaking_queue (active_request,assigned_at,canceled_at,expires_at,queue_order,requested_at,room_id,stance,status,user_id) values (?,?,?,?,?,?,?,?,?,?)]; constraint [speaking_queue.uk_speaking_queue_room_order]]
2026-06-24T14:29:49.118+09:00  WARN 66119 --- [sisibibi-api] [http-nio-8080-exec-76] o.h.engine.jdbc.spi.SqlExceptionHelper   : SQL Error: 1062, SQLState: 23000
2026-06-24T14:29:49.119+09:00 ERROR 66119 --- [sisibibi-api] [http-nio-8080-exec-76] o.h.engine.jdbc.spi.SqlExceptionHelper   : Duplicate entry '990001-7' for key 'speaking_queue.uk_speaking_queue_room_order'
2026-06-24T14:29:49.120+09:00  WARN 66119 --- [sisibibi-api] [http-nio-8080-exec-76] c.s.a.g.e.GlobalExceptionHandler         : Data integrity violation. code=SPEAKING_QUEUE_ORDER_CONFLICT
2026-06-24T14:29:49.120+09:00  WARN 66119 --- [sisibibi-api] [http-nio-8080-exec-76] .m.m.a.ExceptionHandlerExceptionResolver : Resolved [org.springframework.dao.DataIntegrityViolationException: could not execute statement [Duplicate entry '990001-7' for key 'speaking_queue.uk_speaking_queue_room_order'] [insert into speaking_queue (active_request,assigned_at,canceled_at,expires_at,queue_order,requested_at,room_id,stance,status,user_id) values (?,?,?,?,?,?,?,?,?,?)]; SQL [insert into speaking_queue (active_request,assigned_at,canceled_at,expires_at,queue_order,requested_at,room_id,stance,status,user_id) values (?,?,?,?,?,?,?,?,?,?)]; constraint [speaking_queue.uk_speaking_queue_room_order]]
2026-06-24T14:29:49.123+09:00  WARN 66119 --- [sisibibi-api] [http-nio-8080-exec-27] o.h.engine.jdbc.spi.SqlExceptionHelper   : SQL Error: 1062, SQLState: 23000
2026-06-24T14:29:49.123+09:00 ERROR 66119 --- [sisibibi-api] [http-nio-8080-exec-27] o.h.engine.jdbc.spi.SqlExceptionHelper   : Duplicate entry '990001-7' for key 'speaking_queue.uk_speaking_queue_room_order'
2026-06-24T14:29:49.124+09:00  WARN 66119 --- [sisibibi-api] [http-nio-8080-exec-27] c.s.a.g.e.GlobalExceptionHandler         : Data integrity violation. code=SPEAKING_QUEUE_ORDER_CONFLICT
2026-06-24T14:29:49.125+09:00  WARN 66119 --- [sisibibi-api] [http-nio-8080-exec-27] .m.m.a.ExceptionHandlerExceptionResolver : Resolved [org.springframework.dao.DataIntegrityViolationException: could not execute statement [Duplicate entry '990001-7' for key 'speaking_queue.uk_speaking_queue_room_order'] [insert into speaking_queue (active_request,assigned_at,canceled_at,expires_at,queue_order,requested_at,room_id,stance,status,user_id) values (?,?,?,?,?,?,?,?,?,?)]; SQL [insert into speaking_queue (active_request,assigned_at,canceled_at,expires_at,queue_order,requested_at,room_id,stance,status,user_id) values (?,?,?,?,?,?,?,?,?,?)]; constraint [speaking_queue.uk_speaking_queue_room_order]]
2026-06-24T14:29:49.132+09:00  INFO 66119 --- [sisibibi-api] [http-nio-8080-exec-26] c.s.a.d.s.service.SpeakingQueueService   : Speaking request created. roomId=990001, userId=990094, queueOrder=8, status=WAITING
2026-06-24T14:29:49.135+09:00  WARN 66119 --- [sisibibi-api] [http-nio-8080-exec-98] o.h.engine.jdbc.spi.SqlExceptionHelper   : SQL Error: 1062, SQLState: 23000
2026-06-24T14:29:49.136+09:00 ERROR 66119 --- [sisibibi-api] [http-nio-8080-exec-98] o.h.engine.jdbc.spi.SqlExceptionHelper   : Duplicate entry '990001-8' for key 'speaking_queue.uk_speaking_queue_room_order'
2026-06-24T14:29:49.139+09:00  WARN 66119 --- [sisibibi-api] [http-nio-8080-exec-98] c.s.a.g.e.GlobalExceptionHandler         : Data integrity violation. code=SPEAKING_QUEUE_ORDER_CONFLICT
2026-06-24T14:29:49.140+09:00  WARN 66119 --- [sisibibi-api] [http-nio-8080-exec-98] .m.m.a.ExceptionHandlerExceptionResolver : Resolved [org.springframework.dao.DataIntegrityViolationException: could not execute statement [Duplicate entry '990001-8' for key 'speaking_queue.uk_speaking_queue_room_order'] [insert into speaking_queue (active_request,assigned_at,canceled_at,expires_at,queue_order,requested_at,room_id,stance,status,user_id) values (?,?,?,?,?,?,?,?,?,?)]; SQL [insert into speaking_queue (active_request,assigned_at,canceled_at,expires_at,queue_order,requested_at,room_id,stance,status,user_id) values (?,?,?,?,?,?,?,?,?,?)]; constraint [speaking_queue.uk_speaking_queue_room_order]]
2026-06-24T14:29:49.145+09:00  WARN 66119 --- [sisibibi-api] [http-nio-8080-exec-47] o.h.engine.jdbc.spi.SqlExceptionHelper   : SQL Error: 1062, SQLState: 23000
2026-06-24T14:29:49.145+09:00 ERROR 66119 --- [sisibibi-api] [http-nio-8080-exec-47] o.h.engine.jdbc.spi.SqlExceptionHelper   : Duplicate entry '990001-8' for key 'speaking_queue.uk_speaking_queue_room_order'
2026-06-24T14:29:49.147+09:00  WARN 66119 --- [sisibibi-api] [http-nio-8080-exec-47] c.s.a.g.e.GlobalExceptionHandler         : Data integrity violation. code=SPEAKING_QUEUE_ORDER_CONFLICT
2026-06-24T14:29:49.148+09:00  WARN 66119 --- [sisibibi-api] [http-nio-8080-exec-47] .m.m.a.ExceptionHandlerExceptionResolver : Resolved [org.springframework.dao.DataIntegrityViolationException: could not execute statement [Duplicate entry '990001-8' for key 'speaking_queue.uk_speaking_queue_room_order'] [insert into speaking_queue (active_request,assigned_at,canceled_at,expires_at,queue_order,requested_at,room_id,stance,status,user_id) values (?,?,?,?,?,?,?,?,?,?)]; SQL [insert into speaking_queue (active_request,assigned_at,canceled_at,expires_at,queue_order,requested_at,room_id,stance,status,user_id) values (?,?,?,?,?,?,?,?,?,?)]; constraint [speaking_queue.uk_speaking_queue_room_order]]
2026-06-24T14:29:49.151+09:00  WARN 66119 --- [sisibibi-api] [http-nio-8080-exec-9] o.h.engine.jdbc.spi.SqlExceptionHelper   : SQL Error: 1062, SQLState: 23000
2026-06-24T14:29:49.151+09:00 ERROR 66119 --- [sisibibi-api] [http-nio-8080-exec-9] o.h.engine.jdbc.spi.SqlExceptionHelper   : Duplicate entry '990001-8' for key 'speaking_queue.uk_speaking_queue_room_order'
2026-06-24T14:29:49.153+09:00  WARN 66119 --- [sisibibi-api] [http-nio-8080-exec-9] c.s.a.g.e.GlobalExceptionHandler         : Data integrity violation. code=SPEAKING_QUEUE_ORDER_CONFLICT
2026-06-24T14:29:49.153+09:00  WARN 66119 --- [sisibibi-api] [http-nio-8080-exec-9] .m.m.a.ExceptionHandlerExceptionResolver : Resolved [org.springframework.dao.DataIntegrityViolationException: could not execute statement [Duplicate entry '990001-8' for key 'speaking_queue.uk_speaking_queue_room_order'] [insert into speaking_queue (active_request,assigned_at,canceled_at,expires_at,queue_order,requested_at,room_id,stance,status,user_id) values (?,?,?,?,?,?,?,?,?,?)]; SQL [insert into speaking_queue (active_request,assigned_at,canceled_at,expires_at,queue_order,requested_at,room_id,stance,status,user_id) values (?,?,?,?,?,?,?,?,?,?)]; constraint [speaking_queue.uk_speaking_queue_room_order]]
2026-06-24T14:29:49.157+09:00  WARN 66119 --- [sisibibi-api] [http-nio-8080-exec-15] o.h.engine.jdbc.spi.SqlExceptionHelper   : SQL Error: 1062, SQLState: 23000
2026-06-24T14:29:49.158+09:00 ERROR 66119 --- [sisibibi-api] [http-nio-8080-exec-15] o.h.engine.jdbc.spi.SqlExceptionHelper   : Duplicate entry '990001-8' for key 'speaking_queue.uk_speaking_queue_room_order'
2026-06-24T14:29:49.160+09:00  WARN 66119 --- [sisibibi-api] [http-nio-8080-exec-15] c.s.a.g.e.GlobalExceptionHandler         : Data integrity violation. code=SPEAKING_QUEUE_ORDER_CONFLICT
2026-06-24T14:29:49.160+09:00  WARN 66119 --- [sisibibi-api] [http-nio-8080-exec-15] .m.m.a.ExceptionHandlerExceptionResolver : Resolved [org.springframework.dao.DataIntegrityViolationException: could not execute statement [Duplicate entry '990001-8' for key 'speaking_queue.uk_speaking_queue_room_order'] [insert into speaking_queue (active_request,assigned_at,canceled_at,expires_at,queue_order,requested_at,room_id,stance,status,user_id) values (?,?,?,?,?,?,?,?,?,?)]; SQL [insert into speaking_queue (active_request,assigned_at,canceled_at,expires_at,queue_order,requested_at,room_id,stance,status,user_id) values (?,?,?,?,?,?,?,?,?,?)]; constraint [speaking_queue.uk_speaking_queue_room_order]]
2026-06-24T14:29:49.164+09:00  WARN 66119 --- [sisibibi-api] [http-nio-8080-exec-88] o.h.engine.jdbc.spi.SqlExceptionHelper   : SQL Error: 1062, SQLState: 23000
2026-06-24T14:29:49.164+09:00 ERROR 66119 --- [sisibibi-api] [http-nio-8080-exec-88] o.h.engine.jdbc.spi.SqlExceptionHelper   : Duplicate entry '990001-8' for key 'speaking_queue.uk_speaking_queue_room_order'
2026-06-24T14:29:49.165+09:00  WARN 66119 --- [sisibibi-api] [http-nio-8080-exec-88] c.s.a.g.e.GlobalExceptionHandler         : Data integrity violation. code=SPEAKING_QUEUE_ORDER_CONFLICT
2026-06-24T14:29:49.166+09:00  WARN 66119 --- [sisibibi-api] [http-nio-8080-exec-88] .m.m.a.ExceptionHandlerExceptionResolver : Resolved [org.springframework.dao.DataIntegrityViolationException: could not execute statement [Duplicate entry '990001-8' for key 'speaking_queue.uk_speaking_queue_room_order'] [insert into speaking_queue (active_request,assigned_at,canceled_at,expires_at,queue_order,requested_at,room_id,stance,status,user_id) values (?,?,?,?,?,?,?,?,?,?)]; SQL [insert into speaking_queue (active_request,assigned_at,canceled_at,expires_at,queue_order,requested_at,room_id,stance,status,user_id) values (?,?,?,?,?,?,?,?,?,?)]; constraint [speaking_queue.uk_speaking_queue_room_order]]
2026-06-24T14:29:49.171+09:00  WARN 66119 --- [sisibibi-api] [http-nio-8080-exec-6] o.h.engine.jdbc.spi.SqlExceptionHelper   : SQL Error: 1062, SQLState: 23000
2026-06-24T14:29:49.171+09:00 ERROR 66119 --- [sisibibi-api] [http-nio-8080-exec-6] o.h.engine.jdbc.spi.SqlExceptionHelper   : Duplicate entry '990001-8' for key 'speaking_queue.uk_speaking_queue_room_order'
2026-06-24T14:29:49.174+09:00  WARN 66119 --- [sisibibi-api] [http-nio-8080-exec-6] c.s.a.g.e.GlobalExceptionHandler         : Data integrity violation. code=SPEAKING_QUEUE_ORDER_CONFLICT
2026-06-24T14:29:49.174+09:00  WARN 66119 --- [sisibibi-api] [http-nio-8080-exec-6] .m.m.a.ExceptionHandlerExceptionResolver : Resolved [org.springframework.dao.DataIntegrityViolationException: could not execute statement [Duplicate entry '990001-8' for key 'speaking_queue.uk_speaking_queue_room_order'] [insert into speaking_queue (active_request,assigned_at,canceled_at,expires_at,queue_order,requested_at,room_id,stance,status,user_id) values (?,?,?,?,?,?,?,?,?,?)]; SQL [insert into speaking_queue (active_request,assigned_at,canceled_at,expires_at,queue_order,requested_at,room_id,stance,status,user_id) values (?,?,?,?,?,?,?,?,?,?)]; constraint [speaking_queue.uk_speaking_queue_room_order]]
2026-06-24T14:29:49.178+09:00  WARN 66119 --- [sisibibi-api] [http-nio-8080-exec-83] o.h.engine.jdbc.spi.SqlExceptionHelper   : SQL Error: 1062, SQLState: 23000
2026-06-24T14:29:49.178+09:00 ERROR 66119 --- [sisibibi-api] [http-nio-8080-exec-83] o.h.engine.jdbc.spi.SqlExceptionHelper   : Duplicate entry '990001-8' for key 'speaking_queue.uk_speaking_queue_room_order'
2026-06-24T14:29:49.180+09:00  WARN 66119 --- [sisibibi-api] [http-nio-8080-exec-83] c.s.a.g.e.GlobalExceptionHandler         : Data integrity violation. code=SPEAKING_QUEUE_ORDER_CONFLICT
2026-06-24T14:29:49.180+09:00  WARN 66119 --- [sisibibi-api] [http-nio-8080-exec-83] .m.m.a.ExceptionHandlerExceptionResolver : Resolved [org.springframework.dao.DataIntegrityViolationException: could not execute statement [Duplicate entry '990001-8' for key 'speaking_queue.uk_speaking_queue_room_order'] [insert into speaking_queue (active_request,assigned_at,canceled_at,expires_at,queue_order,requested_at,room_id,stance,status,user_id) values (?,?,?,?,?,?,?,?,?,?)]; SQL [insert into speaking_queue (active_request,assigned_at,canceled_at,expires_at,queue_order,requested_at,room_id,stance,status,user_id) values (?,?,?,?,?,?,?,?,?,?)]; constraint [speaking_queue.uk_speaking_queue_room_order]]
2026-06-24T14:29:49.184+09:00  WARN 66119 --- [sisibibi-api] [http-nio-8080-exec-3] o.h.engine.jdbc.spi.SqlExceptionHelper   : SQL Error: 1062, SQLState: 23000
2026-06-24T14:29:49.184+09:00 ERROR 66119 --- [sisibibi-api] [http-nio-8080-exec-3] o.h.engine.jdbc.spi.SqlExceptionHelper   : Duplicate entry '990001-8' for key 'speaking_queue.uk_speaking_queue_room_order'
2026-06-24T14:29:49.188+09:00  WARN 66119 --- [sisibibi-api] [http-nio-8080-exec-3] c.s.a.g.e.GlobalExceptionHandler         : Data integrity violation. code=SPEAKING_QUEUE_ORDER_CONFLICT
2026-06-24T14:29:49.189+09:00  WARN 66119 --- [sisibibi-api] [http-nio-8080-exec-3] .m.m.a.ExceptionHandlerExceptionResolver : Resolved [org.springframework.dao.DataIntegrityViolationException: could not execute statement [Duplicate entry '990001-8' for key 'speaking_queue.uk_speaking_queue_room_order'] [insert into speaking_queue (active_request,assigned_at,canceled_at,expires_at,queue_order,requested_at,room_id,stance,status,user_id) values (?,?,?,?,?,?,?,?,?,?)]; SQL [insert into speaking_queue (active_request,assigned_at,canceled_at,expires_at,queue_order,requested_at,room_id,stance,status,user_id) values (?,?,?,?,?,?,?,?,?,?)]; constraint [speaking_queue.uk_speaking_queue_room_order]]
2026-06-24T14:29:49.193+09:00  WARN 66119 --- [sisibibi-api] [http-nio-8080-exec-71] o.h.engine.jdbc.spi.SqlExceptionHelper   : SQL Error: 1062, SQLState: 23000
2026-06-24T14:29:49.193+09:00 ERROR 66119 --- [sisibibi-api] [http-nio-8080-exec-71] o.h.engine.jdbc.spi.SqlExceptionHelper   : Duplicate entry '990001-8' for key 'speaking_queue.uk_speaking_queue_room_order'
2026-06-24T14:29:49.195+09:00  WARN 66119 --- [sisibibi-api] [http-nio-8080-exec-71] c.s.a.g.e.GlobalExceptionHandler         : Data integrity violation. code=SPEAKING_QUEUE_ORDER_CONFLICT
2026-06-24T14:29:49.196+09:00  WARN 66119 --- [sisibibi-api] [http-nio-8080-exec-71] .m.m.a.ExceptionHandlerExceptionResolver : Resolved [org.springframework.dao.DataIntegrityViolationException: could not execute statement [Duplicate entry '990001-8' for key 'speaking_queue.uk_speaking_queue_room_order'] [insert into speaking_queue (active_request,assigned_at,canceled_at,expires_at,queue_order,requested_at,room_id,stance,status,user_id) values (?,?,?,?,?,?,?,?,?,?)]; SQL [insert into speaking_queue (active_request,assigned_at,canceled_at,expires_at,queue_order,requested_at,room_id,stance,status,user_id) values (?,?,?,?,?,?,?,?,?,?)]; constraint [speaking_queue.uk_speaking_queue_room_order]]
2026-06-24T14:29:49.208+09:00  INFO 66119 --- [sisibibi-api] [http-nio-8080-exec-72] c.s.a.d.s.service.SpeakingQueueService   : Speaking request created. roomId=990001, userId=990041, queueOrder=9, status=WAITING
2026-06-24T14:29:49.216+09:00  WARN 66119 --- [sisibibi-api] [http-nio-8080-exec-5] o.h.engine.jdbc.spi.SqlExceptionHelper   : SQL Error: 1062, SQLState: 23000
2026-06-24T14:29:49.216+09:00 ERROR 66119 --- [sisibibi-api] [http-nio-8080-exec-5] o.h.engine.jdbc.spi.SqlExceptionHelper   : Duplicate entry '990001-9' for key 'speaking_queue.uk_speaking_queue_room_order'
2026-06-24T14:29:49.219+09:00  WARN 66119 --- [sisibibi-api] [http-nio-8080-exec-5] c.s.a.g.e.GlobalExceptionHandler         : Data integrity violation. code=SPEAKING_QUEUE_ORDER_CONFLICT
2026-06-24T14:29:49.220+09:00  WARN 66119 --- [sisibibi-api] [http-nio-8080-exec-5] .m.m.a.ExceptionHandlerExceptionResolver : Resolved [org.springframework.dao.DataIntegrityViolationException: could not execute statement [Duplicate entry '990001-9' for key 'speaking_queue.uk_speaking_queue_room_order'] [insert into speaking_queue (active_request,assigned_at,canceled_at,expires_at,queue_order,requested_at,room_id,stance,status,user_id) values (?,?,?,?,?,?,?,?,?,?)]; SQL [insert into speaking_queue (active_request,assigned_at,canceled_at,expires_at,queue_order,requested_at,room_id,stance,status,user_id) values (?,?,?,?,?,?,?,?,?,?)]; constraint [speaking_queue.uk_speaking_queue_room_order]]
2026-06-24T14:29:49.226+09:00  WARN 66119 --- [sisibibi-api] [http-nio-8080-exec-17] o.h.engine.jdbc.spi.SqlExceptionHelper   : SQL Error: 1062, SQLState: 23000
2026-06-24T14:29:49.226+09:00 ERROR 66119 --- [sisibibi-api] [http-nio-8080-exec-17] o.h.engine.jdbc.spi.SqlExceptionHelper   : Duplicate entry '990001-9' for key 'speaking_queue.uk_speaking_queue_room_order'
2026-06-24T14:29:49.227+09:00  WARN 66119 --- [sisibibi-api] [http-nio-8080-exec-17] c.s.a.g.e.GlobalExceptionHandler         : Data integrity violation. code=SPEAKING_QUEUE_ORDER_CONFLICT
2026-06-24T14:29:49.228+09:00  WARN 66119 --- [sisibibi-api] [http-nio-8080-exec-17] .m.m.a.ExceptionHandlerExceptionResolver : Resolved [org.springframework.dao.DataIntegrityViolationException: could not execute statement [Duplicate entry '990001-9' for key 'speaking_queue.uk_speaking_queue_room_order'] [insert into speaking_queue (active_request,assigned_at,canceled_at,expires_at,queue_order,requested_at,room_id,stance,status,user_id) values (?,?,?,?,?,?,?,?,?,?)]; SQL [insert into speaking_queue (active_request,assigned_at,canceled_at,expires_at,queue_order,requested_at,room_id,stance,status,user_id) values (?,?,?,?,?,?,?,?,?,?)]; constraint [speaking_queue.uk_speaking_queue_room_order]]
2026-06-24T14:29:49.235+09:00  WARN 66119 --- [sisibibi-api] [http-nio-8080-exec-49] o.h.engine.jdbc.spi.SqlExceptionHelper   : SQL Error: 1062, SQLState: 23000
2026-06-24T14:29:49.235+09:00 ERROR 66119 --- [sisibibi-api] [http-nio-8080-exec-49] o.h.engine.jdbc.spi.SqlExceptionHelper   : Duplicate entry '990001-9' for key 'speaking_queue.uk_speaking_queue_room_order'
2026-06-24T14:29:49.243+09:00  WARN 66119 --- [sisibibi-api] [http-nio-8080-exec-49] c.s.a.g.e.GlobalExceptionHandler         : Data integrity violation. code=SPEAKING_QUEUE_ORDER_CONFLICT
2026-06-24T14:29:49.251+09:00  WARN 66119 --- [sisibibi-api] [http-nio-8080-exec-49] .m.m.a.ExceptionHandlerExceptionResolver : Resolved [org.springframework.dao.DataIntegrityViolationException: could not execute statement [Duplicate entry '990001-9' for key 'speaking_queue.uk_speaking_queue_room_order'] [insert into speaking_queue (active_request,assigned_at,canceled_at,expires_at,queue_order,requested_at,room_id,stance,status,user_id) values (?,?,?,?,?,?,?,?,?,?)]; SQL [insert into speaking_queue (active_request,assigned_at,canceled_at,expires_at,queue_order,requested_at,room_id,stance,status,user_id) values (?,?,?,?,?,?,?,?,?,?)]; constraint [speaking_queue.uk_speaking_queue_room_order]]
2026-06-24T14:29:49.269+09:00  WARN 66119 --- [sisibibi-api] [http-nio-8080-exec-54] o.h.engine.jdbc.spi.SqlExceptionHelper   : SQL Error: 1062, SQLState: 23000
2026-06-24T14:29:49.269+09:00 ERROR 66119 --- [sisibibi-api] [http-nio-8080-exec-54] o.h.engine.jdbc.spi.SqlExceptionHelper   : Duplicate entry '990001-9' for key 'speaking_queue.uk_speaking_queue_room_order'
2026-06-24T14:29:49.278+09:00  WARN 66119 --- [sisibibi-api] [http-nio-8080-exec-54] c.s.a.g.e.GlobalExceptionHandler         : Data integrity violation. code=SPEAKING_QUEUE_ORDER_CONFLICT
2026-06-24T14:29:49.278+09:00  WARN 66119 --- [sisibibi-api] [http-nio-8080-exec-54] .m.m.a.ExceptionHandlerExceptionResolver : Resolved [org.springframework.dao.DataIntegrityViolationException: could not execute statement [Duplicate entry '990001-9' for key 'speaking_queue.uk_speaking_queue_room_order'] [insert into speaking_queue (active_request,assigned_at,canceled_at,expires_at,queue_order,requested_at,room_id,stance,status,user_id) values (?,?,?,?,?,?,?,?,?,?)]; SQL [insert into speaking_queue (active_request,assigned_at,canceled_at,expires_at,queue_order,requested_at,room_id,stance,status,user_id) values (?,?,?,?,?,?,?,?,?,?)]; constraint [speaking_queue.uk_speaking_queue_room_order]]
2026-06-24T14:29:49.281+09:00  WARN 66119 --- [sisibibi-api] [http-nio-8080-exec-35] o.h.engine.jdbc.spi.SqlExceptionHelper   : SQL Error: 1062, SQLState: 23000
2026-06-24T14:29:49.281+09:00 ERROR 66119 --- [sisibibi-api] [http-nio-8080-exec-35] o.h.engine.jdbc.spi.SqlExceptionHelper   : Duplicate entry '990001-9' for key 'speaking_queue.uk_speaking_queue_room_order'
2026-06-24T14:29:49.282+09:00  WARN 66119 --- [sisibibi-api] [http-nio-8080-exec-35] c.s.a.g.e.GlobalExceptionHandler         : Data integrity violation. code=SPEAKING_QUEUE_ORDER_CONFLICT
2026-06-24T14:29:49.283+09:00  WARN 66119 --- [sisibibi-api] [http-nio-8080-exec-35] .m.m.a.ExceptionHandlerExceptionResolver : Resolved [org.springframework.dao.DataIntegrityViolationException: could not execute statement [Duplicate entry '990001-9' for key 'speaking_queue.uk_speaking_queue_room_order'] [insert into speaking_queue (active_request,assigned_at,canceled_at,expires_at,queue_order,requested_at,room_id,stance,status,user_id) values (?,?,?,?,?,?,?,?,?,?)]; SQL [insert into speaking_queue (active_request,assigned_at,canceled_at,expires_at,queue_order,requested_at,room_id,stance,status,user_id) values (?,?,?,?,?,?,?,?,?,?)]; constraint [speaking_queue.uk_speaking_queue_room_order]]
2026-06-24T14:29:49.288+09:00  WARN 66119 --- [sisibibi-api] [http-nio-8080-exec-52] o.h.engine.jdbc.spi.SqlExceptionHelper   : SQL Error: 1062, SQLState: 23000
2026-06-24T14:29:49.289+09:00 ERROR 66119 --- [sisibibi-api] [http-nio-8080-exec-52] o.h.engine.jdbc.spi.SqlExceptionHelper   : Duplicate entry '990001-9' for key 'speaking_queue.uk_speaking_queue_room_order'
2026-06-24T14:29:49.299+09:00  WARN 66119 --- [sisibibi-api] [http-nio-8080-exec-52] c.s.a.g.e.GlobalExceptionHandler         : Data integrity violation. code=SPEAKING_QUEUE_ORDER_CONFLICT
2026-06-24T14:29:49.302+09:00  WARN 66119 --- [sisibibi-api] [http-nio-8080-exec-52] .m.m.a.ExceptionHandlerExceptionResolver : Resolved [org.springframework.dao.DataIntegrityViolationException: could not execute statement [Duplicate entry '990001-9' for key 'speaking_queue.uk_speaking_queue_room_order'] [insert into speaking_queue (active_request,assigned_at,canceled_at,expires_at,queue_order,requested_at,room_id,stance,status,user_id) values (?,?,?,?,?,?,?,?,?,?)]; SQL [insert into speaking_queue (active_request,assigned_at,canceled_at,expires_at,queue_order,requested_at,room_id,stance,status,user_id) values (?,?,?,?,?,?,?,?,?,?)]; constraint [speaking_queue.uk_speaking_queue_room_order]]
2026-06-24T14:29:49.311+09:00  WARN 66119 --- [sisibibi-api] [http-nio-8080-exec-14] o.h.engine.jdbc.spi.SqlExceptionHelper   : SQL Error: 1062, SQLState: 23000
2026-06-24T14:29:49.312+09:00 ERROR 66119 --- [sisibibi-api] [http-nio-8080-exec-14] o.h.engine.jdbc.spi.SqlExceptionHelper   : Duplicate entry '990001-9' for key 'speaking_queue.uk_speaking_queue_room_order'
2026-06-24T14:29:49.318+09:00  WARN 66119 --- [sisibibi-api] [http-nio-8080-exec-14] c.s.a.g.e.GlobalExceptionHandler         : Data integrity violation. code=SPEAKING_QUEUE_ORDER_CONFLICT
2026-06-24T14:29:49.319+09:00  WARN 66119 --- [sisibibi-api] [http-nio-8080-exec-14] .m.m.a.ExceptionHandlerExceptionResolver : Resolved [org.springframework.dao.DataIntegrityViolationException: could not execute statement [Duplicate entry '990001-9' for key 'speaking_queue.uk_speaking_queue_room_order'] [insert into speaking_queue (active_request,assigned_at,canceled_at,expires_at,queue_order,requested_at,room_id,stance,status,user_id) values (?,?,?,?,?,?,?,?,?,?)]; SQL [insert into speaking_queue (active_request,assigned_at,canceled_at,expires_at,queue_order,requested_at,room_id,stance,status,user_id) values (?,?,?,?,?,?,?,?,?,?)]; constraint [speaking_queue.uk_speaking_queue_room_order]]
2026-06-24T14:29:49.328+09:00  WARN 66119 --- [sisibibi-api] [http-nio-8080-exec-65] o.h.engine.jdbc.spi.SqlExceptionHelper   : SQL Error: 1062, SQLState: 23000
2026-06-24T14:29:49.328+09:00 ERROR 66119 --- [sisibibi-api] [http-nio-8080-exec-65] o.h.engine.jdbc.spi.SqlExceptionHelper   : Duplicate entry '990001-9' for key 'speaking_queue.uk_speaking_queue_room_order'
2026-06-24T14:29:49.331+09:00  WARN 66119 --- [sisibibi-api] [http-nio-8080-exec-65] c.s.a.g.e.GlobalExceptionHandler         : Data integrity violation. code=SPEAKING_QUEUE_ORDER_CONFLICT
2026-06-24T14:29:49.333+09:00  WARN 66119 --- [sisibibi-api] [http-nio-8080-exec-65] .m.m.a.ExceptionHandlerExceptionResolver : Resolved [org.springframework.dao.DataIntegrityViolationException: could not execute statement [Duplicate entry '990001-9' for key 'speaking_queue.uk_speaking_queue_room_order'] [insert into speaking_queue (active_request,assigned_at,canceled_at,expires_at,queue_order,requested_at,room_id,stance,status,user_id) values (?,?,?,?,?,?,?,?,?,?)]; SQL [insert into speaking_queue (active_request,assigned_at,canceled_at,expires_at,queue_order,requested_at,room_id,stance,status,user_id) values (?,?,?,?,?,?,?,?,?,?)]; constraint [speaking_queue.uk_speaking_queue_room_order]]
2026-06-24T14:29:49.411+09:00  WARN 66119 --- [sisibibi-api] [http-nio-8080-exec-28] o.h.engine.jdbc.spi.SqlExceptionHelper   : SQL Error: 1062, SQLState: 23000
2026-06-24T14:29:49.411+09:00 ERROR 66119 --- [sisibibi-api] [http-nio-8080-exec-28] o.h.engine.jdbc.spi.SqlExceptionHelper   : Duplicate entry '990001-9' for key 'speaking_queue.uk_speaking_queue_room_order'
2026-06-24T14:29:49.428+09:00  WARN 66119 --- [sisibibi-api] [http-nio-8080-exec-28] c.s.a.g.e.GlobalExceptionHandler         : Data integrity violation. code=SPEAKING_QUEUE_ORDER_CONFLICT
2026-06-24T14:29:49.429+09:00  WARN 66119 --- [sisibibi-api] [http-nio-8080-exec-28] .m.m.a.ExceptionHandlerExceptionResolver : Resolved [org.springframework.dao.DataIntegrityViolationException: could not execute statement [Duplicate entry '990001-9' for key 'speaking_queue.uk_speaking_queue_room_order'] [insert into speaking_queue (active_request,assigned_at,canceled_at,expires_at,queue_order,requested_at,room_id,stance,status,user_id) values (?,?,?,?,?,?,?,?,?,?)]; SQL [insert into speaking_queue (active_request,assigned_at,canceled_at,expires_at,queue_order,requested_at,room_id,stance,status,user_id) values (?,?,?,?,?,?,?,?,?,?)]; constraint [speaking_queue.uk_speaking_queue_room_order]]
2026-06-24T14:29:49.455+09:00  INFO 66119 --- [sisibibi-api] [http-nio-8080-exec-95] c.s.a.d.s.service.SpeakingQueueService   : Speaking request created. roomId=990001, userId=990051, queueOrder=10, status=WAITING
2026-06-24T14:29:49.461+09:00  WARN 66119 --- [sisibibi-api] [http-nio-8080-exec-19] o.h.engine.jdbc.spi.SqlExceptionHelper   : SQL Error: 1062, SQLState: 23000
2026-06-24T14:29:49.461+09:00 ERROR 66119 --- [sisibibi-api] [http-nio-8080-exec-19] o.h.engine.jdbc.spi.SqlExceptionHelper   : Duplicate entry '990001-10' for key 'speaking_queue.uk_speaking_queue_room_order'
2026-06-24T14:29:49.470+09:00  WARN 66119 --- [sisibibi-api] [http-nio-8080-exec-19] c.s.a.g.e.GlobalExceptionHandler         : Data integrity violation. code=SPEAKING_QUEUE_ORDER_CONFLICT
2026-06-24T14:29:49.470+09:00  WARN 66119 --- [sisibibi-api] [http-nio-8080-exec-19] .m.m.a.ExceptionHandlerExceptionResolver : Resolved [org.springframework.dao.DataIntegrityViolationException: could not execute statement [Duplicate entry '990001-10' for key 'speaking_queue.uk_speaking_queue_room_order'] [insert into speaking_queue (active_request,assigned_at,canceled_at,expires_at,queue_order,requested_at,room_id,stance,status,user_id) values (?,?,?,?,?,?,?,?,?,?)]; SQL [insert into speaking_queue (active_request,assigned_at,canceled_at,expires_at,queue_order,requested_at,room_id,stance,status,user_id) values (?,?,?,?,?,?,?,?,?,?)]; constraint [speaking_queue.uk_speaking_queue_room_order]]
2026-06-24T14:29:49.475+09:00  WARN 66119 --- [sisibibi-api] [http-nio-8080-exec-36] o.h.engine.jdbc.spi.SqlExceptionHelper   : SQL Error: 1062, SQLState: 23000
2026-06-24T14:29:49.475+09:00 ERROR 66119 --- [sisibibi-api] [http-nio-8080-exec-36] o.h.engine.jdbc.spi.SqlExceptionHelper   : Duplicate entry '990001-10' for key 'speaking_queue.uk_speaking_queue_room_order'
2026-06-24T14:29:49.483+09:00  WARN 66119 --- [sisibibi-api] [http-nio-8080-exec-36] c.s.a.g.e.GlobalExceptionHandler         : Data integrity violation. code=SPEAKING_QUEUE_ORDER_CONFLICT
2026-06-24T14:29:49.483+09:00  WARN 66119 --- [sisibibi-api] [http-nio-8080-exec-36] .m.m.a.ExceptionHandlerExceptionResolver : Resolved [org.springframework.dao.DataIntegrityViolationException: could not execute statement [Duplicate entry '990001-10' for key 'speaking_queue.uk_speaking_queue_room_order'] [insert into speaking_queue (active_request,assigned_at,canceled_at,expires_at,queue_order,requested_at,room_id,stance,status,user_id) values (?,?,?,?,?,?,?,?,?,?)]; SQL [insert into speaking_queue (active_request,assigned_at,canceled_at,expires_at,queue_order,requested_at,room_id,stance,status,user_id) values (?,?,?,?,?,?,?,?,?,?)]; constraint [speaking_queue.uk_speaking_queue_room_order]]
2026-06-24T14:29:49.499+09:00  WARN 66119 --- [sisibibi-api] [http-nio-8080-exec-31] o.h.engine.jdbc.spi.SqlExceptionHelper   : SQL Error: 1062, SQLState: 23000
2026-06-24T14:29:49.503+09:00 ERROR 66119 --- [sisibibi-api] [http-nio-8080-exec-31] o.h.engine.jdbc.spi.SqlExceptionHelper   : Duplicate entry '990001-10' for key 'speaking_queue.uk_speaking_queue_room_order'
2026-06-24T14:29:49.513+09:00  WARN 66119 --- [sisibibi-api] [http-nio-8080-exec-31] c.s.a.g.e.GlobalExceptionHandler         : Data integrity violation. code=SPEAKING_QUEUE_ORDER_CONFLICT
2026-06-24T14:29:49.516+09:00  WARN 66119 --- [sisibibi-api] [http-nio-8080-exec-62] o.h.engine.jdbc.spi.SqlExceptionHelper   : SQL Error: 1062, SQLState: 23000
2026-06-24T14:29:49.516+09:00  WARN 66119 --- [sisibibi-api] [http-nio-8080-exec-31] .m.m.a.ExceptionHandlerExceptionResolver : Resolved [org.springframework.dao.DataIntegrityViolationException: could not execute statement [Duplicate entry '990001-10' for key 'speaking_queue.uk_speaking_queue_room_order'] [insert into speaking_queue (active_request,assigned_at,canceled_at,expires_at,queue_order,requested_at,room_id,stance,status,user_id) values (?,?,?,?,?,?,?,?,?,?)]; SQL [insert into speaking_queue (active_request,assigned_at,canceled_at,expires_at,queue_order,requested_at,room_id,stance,status,user_id) values (?,?,?,?,?,?,?,?,?,?)]; constraint [speaking_queue.uk_speaking_queue_room_order]]
2026-06-24T14:29:49.516+09:00 ERROR 66119 --- [sisibibi-api] [http-nio-8080-exec-62] o.h.engine.jdbc.spi.SqlExceptionHelper   : Duplicate entry '990001-10' for key 'speaking_queue.uk_speaking_queue_room_order'
2026-06-24T14:29:49.527+09:00  WARN 66119 --- [sisibibi-api] [http-nio-8080-exec-38] o.h.engine.jdbc.spi.SqlExceptionHelper   : SQL Error: 1062, SQLState: 23000
2026-06-24T14:29:49.527+09:00 ERROR 66119 --- [sisibibi-api] [http-nio-8080-exec-38] o.h.engine.jdbc.spi.SqlExceptionHelper   : Duplicate entry '990001-10' for key 'speaking_queue.uk_speaking_queue_room_order'
2026-06-24T14:29:49.527+09:00  WARN 66119 --- [sisibibi-api] [http-nio-8080-exec-62] c.s.a.g.e.GlobalExceptionHandler         : Data integrity violation. code=SPEAKING_QUEUE_ORDER_CONFLICT
2026-06-24T14:29:49.527+09:00  WARN 66119 --- [sisibibi-api] [http-nio-8080-exec-62] .m.m.a.ExceptionHandlerExceptionResolver : Resolved [org.springframework.dao.DataIntegrityViolationException: could not execute statement [Duplicate entry '990001-10' for key 'speaking_queue.uk_speaking_queue_room_order'] [insert into speaking_queue (active_request,assigned_at,canceled_at,expires_at,queue_order,requested_at,room_id,stance,status,user_id) values (?,?,?,?,?,?,?,?,?,?)]; SQL [insert into speaking_queue (active_request,assigned_at,canceled_at,expires_at,queue_order,requested_at,room_id,stance,status,user_id) values (?,?,?,?,?,?,?,?,?,?)]; constraint [speaking_queue.uk_speaking_queue_room_order]]
2026-06-24T14:29:49.531+09:00  WARN 66119 --- [sisibibi-api] [http-nio-8080-exec-38] c.s.a.g.e.GlobalExceptionHandler         : Data integrity violation. code=SPEAKING_QUEUE_ORDER_CONFLICT
2026-06-24T14:29:49.531+09:00  WARN 66119 --- [sisibibi-api] [http-nio-8080-exec-38] .m.m.a.ExceptionHandlerExceptionResolver : Resolved [org.springframework.dao.DataIntegrityViolationException: could not execute statement [Duplicate entry '990001-10' for key 'speaking_queue.uk_speaking_queue_room_order'] [insert into speaking_queue (active_request,assigned_at,canceled_at,expires_at,queue_order,requested_at,room_id,stance,status,user_id) values (?,?,?,?,?,?,?,?,?,?)]; SQL [insert into speaking_queue (active_request,assigned_at,canceled_at,expires_at,queue_order,requested_at,room_id,stance,status,user_id) values (?,?,?,?,?,?,?,?,?,?)]; constraint [speaking_queue.uk_speaking_queue_room_order]]
2026-06-24T14:29:49.542+09:00  WARN 66119 --- [sisibibi-api] [http-nio-8080-exec-40] o.h.engine.jdbc.spi.SqlExceptionHelper   : SQL Error: 1062, SQLState: 23000
2026-06-24T14:29:49.542+09:00 ERROR 66119 --- [sisibibi-api] [http-nio-8080-exec-40] o.h.engine.jdbc.spi.SqlExceptionHelper   : Duplicate entry '990001-10' for key 'speaking_queue.uk_speaking_queue_room_order'
2026-06-24T14:29:49.546+09:00  WARN 66119 --- [sisibibi-api] [http-nio-8080-exec-40] c.s.a.g.e.GlobalExceptionHandler         : Data integrity violation. code=SPEAKING_QUEUE_ORDER_CONFLICT
2026-06-24T14:29:49.547+09:00  WARN 66119 --- [sisibibi-api] [http-nio-8080-exec-40] .m.m.a.ExceptionHandlerExceptionResolver : Resolved [org.springframework.dao.DataIntegrityViolationException: could not execute statement [Duplicate entry '990001-10' for key 'speaking_queue.uk_speaking_queue_room_order'] [insert into speaking_queue (active_request,assigned_at,canceled_at,expires_at,queue_order,requested_at,room_id,stance,status,user_id) values (?,?,?,?,?,?,?,?,?,?)]; SQL [insert into speaking_queue (active_request,assigned_at,canceled_at,expires_at,queue_order,requested_at,room_id,stance,status,user_id) values (?,?,?,?,?,?,?,?,?,?)]; constraint [speaking_queue.uk_speaking_queue_room_order]]
2026-06-24T14:29:49.556+09:00  WARN 66119 --- [sisibibi-api] [http-nio-8080-exec-48] o.h.engine.jdbc.spi.SqlExceptionHelper   : SQL Error: 1062, SQLState: 23000
2026-06-24T14:29:49.557+09:00 ERROR 66119 --- [sisibibi-api] [http-nio-8080-exec-48] o.h.engine.jdbc.spi.SqlExceptionHelper   : Duplicate entry '990001-10' for key 'speaking_queue.uk_speaking_queue_room_order'
2026-06-24T14:29:49.567+09:00  WARN 66119 --- [sisibibi-api] [http-nio-8080-exec-48] c.s.a.g.e.GlobalExceptionHandler         : Data integrity violation. code=SPEAKING_QUEUE_ORDER_CONFLICT
2026-06-24T14:29:49.761+09:00  WARN 66119 --- [sisibibi-api] [http-nio-8080-exec-48] .m.m.a.ExceptionHandlerExceptionResolver : Resolved [org.springframework.dao.DataIntegrityViolationException: could not execute statement [Duplicate entry '990001-10' for key 'speaking_queue.uk_speaking_queue_room_order'] [insert into speaking_queue (active_request,assigned_at,canceled_at,expires_at,queue_order,requested_at,room_id,stance,status,user_id) values (?,?,?,?,?,?,?,?,?,?)]; SQL [insert into speaking_queue (active_request,assigned_at,canceled_at,expires_at,queue_order,requested_at,room_id,stance,status,user_id) values (?,?,?,?,?,?,?,?,?,?)]; constraint [speaking_queue.uk_speaking_queue_room_order]]
2026-06-24T14:29:49.886+09:00  WARN 66119 --- [sisibibi-api] [http-nio-8080-exec-97] o.h.engine.jdbc.spi.SqlExceptionHelper   : SQL Error: 1062, SQLState: 23000
2026-06-24T14:29:49.886+09:00 ERROR 66119 --- [sisibibi-api] [http-nio-8080-exec-97] o.h.engine.jdbc.spi.SqlExceptionHelper   : Duplicate entry '990001-10' for key 'speaking_queue.uk_speaking_queue_room_order'
2026-06-24T14:29:49.928+09:00  WARN 66119 --- [sisibibi-api] [http-nio-8080-exec-97] c.s.a.g.e.GlobalExceptionHandler         : Data integrity violation. code=SPEAKING_QUEUE_ORDER_CONFLICT
2026-06-24T14:29:49.931+09:00  WARN 66119 --- [sisibibi-api] [http-nio-8080-exec-97] .m.m.a.ExceptionHandlerExceptionResolver : Resolved [org.springframework.dao.DataIntegrityViolationException: could not execute statement [Duplicate entry '990001-10' for key 'speaking_queue.uk_speaking_queue_room_order'] [insert into speaking_queue (active_request,assigned_at,canceled_at,expires_at,queue_order,requested_at,room_id,stance,status,user_id) values (?,?,?,?,?,?,?,?,?,?)]; SQL [insert into speaking_queue (active_request,assigned_at,canceled_at,expires_at,queue_order,requested_at,room_id,stance,status,user_id) values (?,?,?,?,?,?,?,?,?,?)]; constraint [speaking_queue.uk_speaking_queue_room_order]]
2026-06-24T14:29:49.939+09:00  WARN 66119 --- [sisibibi-api] [http-nio-8080-exec-87] o.h.engine.jdbc.spi.SqlExceptionHelper   : SQL Error: 1062, SQLState: 23000
2026-06-24T14:29:49.939+09:00 ERROR 66119 --- [sisibibi-api] [http-nio-8080-exec-87] o.h.engine.jdbc.spi.SqlExceptionHelper   : Duplicate entry '990001-10' for key 'speaking_queue.uk_speaking_queue_room_order'
2026-06-24T14:29:49.945+09:00  WARN 66119 --- [sisibibi-api] [http-nio-8080-exec-87] c.s.a.g.e.GlobalExceptionHandler         : Data integrity violation. code=SPEAKING_QUEUE_ORDER_CONFLICT
2026-06-24T14:29:49.946+09:00  WARN 66119 --- [sisibibi-api] [http-nio-8080-exec-87] .m.m.a.ExceptionHandlerExceptionResolver : Resolved [org.springframework.dao.DataIntegrityViolationException: could not execute statement [Duplicate entry '990001-10' for key 'speaking_queue.uk_speaking_queue_room_order'] [insert into speaking_queue (active_request,assigned_at,canceled_at,expires_at,queue_order,requested_at,room_id,stance,status,user_id) values (?,?,?,?,?,?,?,?,?,?)]; SQL [insert into speaking_queue (active_request,assigned_at,canceled_at,expires_at,queue_order,requested_at,room_id,stance,status,user_id) values (?,?,?,?,?,?,?,?,?,?)]; constraint [speaking_queue.uk_speaking_queue_room_order]]
2026-06-24T14:29:49.982+09:00  INFO 66119 --- [sisibibi-api] [http-nio-8080-exec-64] c.s.a.d.s.service.SpeakingQueueService   : Speaking request created. roomId=990001, userId=990069, queueOrder=11, status=WAITING
2026-06-24T14:31:57.067+09:00  INFO 66119 --- [sisibibi-api] [pool-4-thread-1] c.s.a.d.s.service.SpeakingQueueService   : Speaking request expired. roomId=1, userId=3, queueOrder=1, expiredAt=2026-06-24T14:31:56.714092
2026-06-24T14:31:57.138+09:00  INFO 66119 --- [sisibibi-api] [pool-4-thread-1] c.s.a.d.s.service.SpeakingQueueService   : Speaking request assigned. roomId=1, userId=5, queueOrder=2, expiresAt=2026-06-24T14:34:57.101563
2026-06-24T14:32:47.989+09:00  INFO 66119 --- [sisibibi-api] [pool-4-thread-1] c.s.a.d.s.service.SpeakingQueueService   : Speaking request expired. roomId=990001, userId=990083, queueOrder=1, expiredAt=2026-06-24T14:32:47.825804
2026-06-24T14:32:48.027+09:00  INFO 66119 --- [sisibibi-api] [pool-4-thread-1] c.s.a.d.s.service.SpeakingQueueService   : Speaking request assigned. roomId=990001, userId=990070, queueOrder=2, expiresAt=2026-06-24T14:35:47.997641
2026-06-24T14:34:58.144+09:00  INFO 66119 --- [sisibibi-api] [pool-4-thread-1] c.s.a.d.s.service.SpeakingQueueService   : Speaking request expired. roomId=1, userId=5, queueOrder=2, expiredAt=2026-06-24T14:34:58.064219
2026-06-24T14:34:58.175+09:00  INFO 66119 --- [sisibibi-api] [pool-4-thread-1] c.s.a.d.s.service.SpeakingQueueService   : Speaking request assigned. roomId=1, userId=6, queueOrder=3, expiresAt=2026-06-24T14:37:58.151275
2026-06-24T14:35:48.636+09:00  INFO 66119 --- [sisibibi-api] [pool-4-thread-1] c.s.a.d.s.service.SpeakingQueueService   : Speaking request expired. roomId=990001, userId=990070, queueOrder=2, expiredAt=2026-06-24T14:35:48.602980
2026-06-24T14:35:48.652+09:00  INFO 66119 --- [sisibibi-api] [pool-4-thread-1] c.s.a.d.s.service.SpeakingQueueService   : Speaking request assigned. roomId=990001, userId=990049, queueOrder=3, expiresAt=2026-06-24T14:38:48.638184
2026-06-24T14:37:58.901+09:00  INFO 66119 --- [sisibibi-api] [pool-4-thread-1] c.s.a.d.s.service.SpeakingQueueService   : Speaking request expired. roomId=1, userId=6, queueOrder=3, expiredAt=2026-06-24T14:37:58.809028
2026-06-24T14:38:50.248+09:00  INFO 66119 --- [sisibibi-api] [pool-4-thread-1] c.s.a.d.s.service.SpeakingQueueService   : Speaking request expired. roomId=990001, userId=990049, queueOrder=3, expiredAt=2026-06-24T14:38:49.643908
2026-06-24T14:38:50.379+09:00  INFO 66119 --- [sisibibi-api] [pool-4-thread-1] c.s.a.d.s.service.SpeakingQueueService   : Speaking request assigned. roomId=990001, userId=990028, queueOrder=4, expiresAt=2026-06-24T14:41:50.256288
2026-06-24T14:41:50.735+09:00  INFO 66119 --- [sisibibi-api] [pool-4-thread-1] c.s.a.d.s.service.SpeakingQueueService   : Speaking request expired. roomId=990001, userId=990028, queueOrder=4, expiredAt=2026-06-24T14:41:50.599047
2026-06-24T14:41:50.765+09:00  INFO 66119 --- [sisibibi-api] [pool-4-thread-1] c.s.a.d.s.service.SpeakingQueueService   : Speaking request assigned. roomId=990001, userId=990001, queueOrder=5, expiresAt=2026-06-24T14:44:50.739754
2026-06-24T14:44:51.786+09:00  INFO 66119 --- [sisibibi-api] [pool-4-thread-1] c.s.a.d.s.service.SpeakingQueueService   : Speaking request expired. roomId=990001, userId=990001, queueOrder=5, expiredAt=2026-06-24T14:44:51.662215
2026-06-24T14:44:51.828+09:00  INFO 66119 --- [sisibibi-api] [pool-4-thread-1] c.s.a.d.s.service.SpeakingQueueService   : Speaking request assigned. roomId=990001, userId=990063, queueOrder=6, expiresAt=2026-06-24T14:47:51.797583
2026-06-24T14:47:52.330+09:00  INFO 66119 --- [sisibibi-api] [pool-4-thread-1] c.s.a.d.s.service.SpeakingQueueService   : Speaking request expired. roomId=990001, userId=990063, queueOrder=6, expiredAt=2026-06-24T14:47:52.154326
2026-06-24T14:47:52.384+09:00  INFO 66119 --- [sisibibi-api] [pool-4-thread-1] c.s.a.d.s.service.SpeakingQueueService   : Speaking request assigned. roomId=990001, userId=990066, queueOrder=7, expiresAt=2026-06-24T14:50:52.349130
2026-06-24T14:50:48.243+09:00  INFO 66119 --- [sisibibi-api] [File Watcher] rtingClassPathChangeChangedEventListener : Restarting due to 1 class path change (0 additions, 1 deletion, 0 modifications)
2026-06-24T14:50:48.547+09:00  INFO 66119 --- [sisibibi-api] [Thread-11] o.s.b.w.e.tomcat.GracefulShutdown        : Commencing graceful shutdown. Waiting for active requests to complete
2026-06-24T14:50:48.594+09:00  INFO 66119 --- [sisibibi-api] [tomcat-shutdown] o.s.b.w.e.tomcat.GracefulShutdown        : Graceful shutdown complete
2026-06-24T14:50:48.641+09:00  INFO 66119 --- [sisibibi-api] [Thread-11] o.s.m.s.b.SimpleBrokerMessageHandler     : Stopping...
2026-06-24T14:50:48.641+09:00  INFO 66119 --- [sisibibi-api] [Thread-11] o.s.m.s.b.SimpleBrokerMessageHandler     : BrokerAvailabilityEvent[available=false, SimpleBrokerMessageHandler [org.springframework.messaging.simp.broker.DefaultSubscriptionRegistry@188c3c02]]
2026-06-24T14:50:48.642+09:00  INFO 66119 --- [sisibibi-api] [Thread-11] o.s.m.s.b.SimpleBrokerMessageHandler     : Stopped.
2026-06-24T14:50:48.921+09:00  INFO 66119 --- [sisibibi-api] [Thread-11] j.LocalContainerEntityManagerFactoryBean : Closing JPA EntityManagerFactory for persistence unit 'default'
2026-06-24T14:50:49.004+09:00  INFO 66119 --- [sisibibi-api] [Thread-11] com.zaxxer.hikari.HikariDataSource       : HikariPool-1 - Shutdown initiated...
2026-06-24T14:50:49.087+09:00  INFO 66119 --- [sisibibi-api] [Thread-11] com.zaxxer.hikari.HikariDataSource       : HikariPool-1 - Shutdown completed.
2026-06-24T14:50:49.658+09:00  INFO 66119 --- [sisibibi-api] [restartedMain] com.sisibibi.api.ApiApplication          : Starting ApiApplication using Java 21.0.7 with PID 66119 (/Users/admin/programmers_final_project/backend/out/production/classes started by admin in /Users/admin/programmers_final_project)
2026-06-24T14:50:49.658+09:00  INFO 66119 --- [sisibibi-api] [restartedMain] com.sisibibi.api.ApiApplication          : The following 2 profiles are active: "local", "monitoring"
2026-06-24T14:50:51.282+09:00  INFO 66119 --- [sisibibi-api] [restartedMain] .s.d.r.c.RepositoryConfigurationDelegate : Multiple Spring Data modules found, entering strict repository configuration mode
2026-06-24T14:50:51.282+09:00  INFO 66119 --- [sisibibi-api] [restartedMain] .s.d.r.c.RepositoryConfigurationDelegate : Bootstrapping Spring Data JPA repositories in DEFAULT mode.
2026-06-24T14:50:51.408+09:00  INFO 66119 --- [sisibibi-api] [restartedMain] .s.d.r.c.RepositoryConfigurationDelegate : Finished Spring Data repository scanning in 123 ms. Found 11 JPA repository interfaces.
2026-06-24T14:50:51.417+09:00  INFO 66119 --- [sisibibi-api] [restartedMain] .s.d.r.c.RepositoryConfigurationDelegate : Multiple Spring Data modules found, entering strict repository configuration mode
2026-06-24T14:50:51.417+09:00  INFO 66119 --- [sisibibi-api] [restartedMain] .s.d.r.c.RepositoryConfigurationDelegate : Bootstrapping Spring Data Redis repositories in DEFAULT mode.
2026-06-24T14:50:51.455+09:00  INFO 66119 --- [sisibibi-api] [restartedMain] .RepositoryConfigurationExtensionSupport : Spring Data Redis - Could not safely identify store assignment for repository candidate interface com.sisibibi.api.domain.chat.repository.ChatMessageRepository; If you want this repository to be a Redis repository, consider annotating your entities with one of these annotations: org.springframework.data.redis.core.RedisHash (preferred), or consider extending one of the following types with your repository: org.springframework.data.keyvalue.repository.KeyValueRepository
2026-06-24T14:50:51.456+09:00  INFO 66119 --- [sisibibi-api] [restartedMain] .RepositoryConfigurationExtensionSupport : Spring Data Redis - Could not safely identify store assignment for repository candidate interface com.sisibibi.api.domain.report.repository.AiReportRepository; If you want this repository to be a Redis repository, consider annotating your entities with one of these annotations: org.springframework.data.redis.core.RedisHash (preferred), or consider extending one of the following types with your repository: org.springframework.data.keyvalue.repository.KeyValueRepository
2026-06-24T14:50:51.457+09:00  INFO 66119 --- [sisibibi-api] [restartedMain] .RepositoryConfigurationExtensionSupport : Spring Data Redis - Could not safely identify store assignment for repository candidate interface com.sisibibi.api.domain.room.repository.RoomRepository; If you want this repository to be a Redis repository, consider annotating your entities with one of these annotations: org.springframework.data.redis.core.RedisHash (preferred), or consider extending one of the following types with your repository: org.springframework.data.keyvalue.repository.KeyValueRepository
2026-06-24T14:50:51.457+09:00  INFO 66119 --- [sisibibi-api] [restartedMain] .RepositoryConfigurationExtensionSupport : Spring Data Redis - Could not safely identify store assignment for repository candidate interface com.sisibibi.api.domain.roomparticipant.repository.RoomParticipantRepository; If you want this repository to be a Redis repository, consider annotating your entities with one of these annotations: org.springframework.data.redis.core.RedisHash (preferred), or consider extending one of the following types with your repository: org.springframework.data.keyvalue.repository.KeyValueRepository
2026-06-24T14:50:51.458+09:00  INFO 66119 --- [sisibibi-api] [restartedMain] .RepositoryConfigurationExtensionSupport : Spring Data Redis - Could not safely identify store assignment for repository candidate interface com.sisibibi.api.domain.speech.repository.SpeakingQueueRepository; If you want this repository to be a Redis repository, consider annotating your entities with one of these annotations: org.springframework.data.redis.core.RedisHash (preferred), or consider extending one of the following types with your repository: org.springframework.data.keyvalue.repository.KeyValueRepository
2026-06-24T14:50:51.458+09:00  INFO 66119 --- [sisibibi-api] [restartedMain] .RepositoryConfigurationExtensionSupport : Spring Data Redis - Could not safely identify store assignment for repository candidate interface com.sisibibi.api.domain.speech.repository.SpeechRepository; If you want this repository to be a Redis repository, consider annotating your entities with one of these annotations: org.springframework.data.redis.core.RedisHash (preferred), or consider extending one of the following types with your repository: org.springframework.data.keyvalue.repository.KeyValueRepository
2026-06-24T14:50:51.459+09:00  INFO 66119 --- [sisibibi-api] [restartedMain] .RepositoryConfigurationExtensionSupport : Spring Data Redis - Could not safely identify store assignment for repository candidate interface com.sisibibi.api.domain.speechreaction.repository.SpeechReactionRepository; If you want this repository to be a Redis repository, consider annotating your entities with one of these annotations: org.springframework.data.redis.core.RedisHash (preferred), or consider extending one of the following types with your repository: org.springframework.data.keyvalue.repository.KeyValueRepository
2026-06-24T14:50:51.459+09:00  INFO 66119 --- [sisibibi-api] [restartedMain] .RepositoryConfigurationExtensionSupport : Spring Data Redis - Could not safely identify store assignment for repository candidate interface com.sisibibi.api.domain.speechreport.repository.SpeechReportRepository; If you want this repository to be a Redis repository, consider annotating your entities with one of these annotations: org.springframework.data.redis.core.RedisHash (preferred), or consider extending one of the following types with your repository: org.springframework.data.keyvalue.repository.KeyValueRepository
2026-06-24T14:50:51.459+09:00  INFO 66119 --- [sisibibi-api] [restartedMain] .RepositoryConfigurationExtensionSupport : Spring Data Redis - Could not safely identify store assignment for repository candidate interface com.sisibibi.api.domain.topic.repository.TopicRepository; If you want this repository to be a Redis repository, consider annotating your entities with one of these annotations: org.springframework.data.redis.core.RedisHash (preferred), or consider extending one of the following types with your repository: org.springframework.data.keyvalue.repository.KeyValueRepository
2026-06-24T14:50:51.459+09:00  INFO 66119 --- [sisibibi-api] [restartedMain] .RepositoryConfigurationExtensionSupport : Spring Data Redis - Could not safely identify store assignment for repository candidate interface com.sisibibi.api.domain.user.repository.UserRepository; If you want this repository to be a Redis repository, consider annotating your entities with one of these annotations: org.springframework.data.redis.core.RedisHash (preferred), or consider extending one of the following types with your repository: org.springframework.data.keyvalue.repository.KeyValueRepository
2026-06-24T14:50:51.459+09:00  INFO 66119 --- [sisibibi-api] [restartedMain] .RepositoryConfigurationExtensionSupport : Spring Data Redis - Could not safely identify store assignment for repository candidate interface com.sisibibi.api.domain.usersanction.repository.UserSanctionRepository; If you want this repository to be a Redis repository, consider annotating your entities with one of these annotations: org.springframework.data.redis.core.RedisHash (preferred), or consider extending one of the following types with your repository: org.springframework.data.keyvalue.repository.KeyValueRepository
2026-06-24T14:50:51.460+09:00  INFO 66119 --- [sisibibi-api] [restartedMain] .s.d.r.c.RepositoryConfigurationDelegate : Finished Spring Data repository scanning in 38 ms. Found 0 Redis repository interfaces.
2026-06-24T14:50:52.090+09:00  INFO 66119 --- [sisibibi-api] [restartedMain] o.s.b.w.embedded.tomcat.TomcatWebServer  : Tomcat initialized with port 8080 (http)
2026-06-24T14:50:52.097+09:00  INFO 66119 --- [sisibibi-api] [restartedMain] o.apache.catalina.core.StandardService   : Starting service [Tomcat]
2026-06-24T14:50:52.097+09:00  INFO 66119 --- [sisibibi-api] [restartedMain] o.apache.catalina.core.StandardEngine    : Starting Servlet engine: [Apache Tomcat/10.1.53]
2026-06-24T14:50:52.139+09:00  INFO 66119 --- [sisibibi-api] [restartedMain] o.a.c.c.C.[Tomcat].[localhost].[/]       : Initializing Spring embedded WebApplicationContext
2026-06-24T14:50:52.140+09:00  INFO 66119 --- [sisibibi-api] [restartedMain] w.s.c.ServletWebServerApplicationContext : Root WebApplicationContext: initialization completed in 2479 ms
2026-06-24T14:50:52.585+09:00  INFO 66119 --- [sisibibi-api] [restartedMain] o.hibernate.jpa.internal.util.LogHelper  : HHH000204: Processing PersistenceUnitInfo [name: default]
2026-06-24T14:50:52.590+09:00  INFO 66119 --- [sisibibi-api] [restartedMain] o.h.c.internal.RegionFactoryInitiator    : HHH000026: Second-level cache disabled
2026-06-24T14:50:52.620+09:00  INFO 66119 --- [sisibibi-api] [restartedMain] o.s.o.j.p.SpringPersistenceUnitInfo      : No LoadTimeWeaver setup: ignoring JPA class transformer
2026-06-24T14:50:52.621+09:00  INFO 66119 --- [sisibibi-api] [restartedMain] com.zaxxer.hikari.HikariDataSource       : HikariPool-2 - Starting...
2026-06-24T14:50:52.718+09:00  INFO 66119 --- [sisibibi-api] [restartedMain] com.zaxxer.hikari.pool.HikariPool        : HikariPool-2 - Added connection com.mysql.cj.jdbc.ConnectionImpl@2e71adf9
2026-06-24T14:50:52.719+09:00  INFO 66119 --- [sisibibi-api] [restartedMain] com.zaxxer.hikari.HikariDataSource       : HikariPool-2 - Start completed.
2026-06-24T14:50:52.721+09:00  INFO 66119 --- [sisibibi-api] [restartedMain] org.hibernate.orm.connections.pooling    : HHH10001005: Database info:
	Database JDBC URL [Connecting through datasource 'HikariDataSource (HikariPool-2)']
	Database driver: undefined/unknown
	Database version: 8.0.46
	Autocommit mode: undefined/unknown
	Isolation level: undefined/unknown
	Minimum pool size: undefined/unknown
	Maximum pool size: undefined/unknown
2026-06-24T14:50:53.546+09:00  INFO 66119 --- [sisibibi-api] [restartedMain] o.h.e.t.j.p.i.JtaPlatformInitiator       : HHH000489: No JTA platform available (set 'hibernate.transaction.jta.platform' to enable JTA platform integration)
2026-06-24T14:50:58.574+09:00  INFO 66119 --- [sisibibi-api] [restartedMain] j.LocalContainerEntityManagerFactoryBean : Initialized JPA EntityManagerFactory for persistence unit 'default'
2026-06-24T14:51:01.954+09:00  WARN 66119 --- [sisibibi-api] [restartedMain] JpaBaseConfiguration$JpaWebConfiguration : spring.jpa.open-in-view is enabled by default. Therefore, database queries may be performed during view rendering. Explicitly configure spring.jpa.open-in-view to disable this warning
2026-06-24T14:51:02.012+09:00  WARN 66119 --- [sisibibi-api] [restartedMain] .s.s.UserDetailsServiceAutoConfiguration : 

Using generated security password: 8f119a4b-1b8e-49e8-99f9-96f20747aa3d

This generated password is for development use only. Your security configuration must be updated before running your application in production.

2026-06-24T14:51:02.017+09:00  INFO 66119 --- [sisibibi-api] [restartedMain] r$InitializeUserDetailsManagerConfigurer : Global AuthenticationManager configured with UserDetailsService bean with name inMemoryUserDetailsManager
2026-06-24T14:51:02.488+09:00  INFO 66119 --- [sisibibi-api] [restartedMain] o.s.b.a.e.web.EndpointLinksResolver      : Exposing 2 endpoints beneath base path '/actuator'
2026-06-24T14:51:03.246+09:00  INFO 66119 --- [sisibibi-api] [restartedMain] o.s.b.a.h2.H2ConsoleAutoConfiguration    : H2 console available at '/h2-console'. Database available at 'jdbc:mysql://localhost:23306/sisibibi?useSSL=false&allowPublicKeyRetrieval=true&serverTimezone=Asia/Seoul&characterEncoding=UTF-8'
2026-06-24T14:51:03.326+09:00  INFO 66119 --- [sisibibi-api] [restartedMain] o.s.b.d.a.OptionalLiveReloadServer       : LiveReload server is running on port 35729
2026-06-24T14:51:03.353+09:00  INFO 66119 --- [sisibibi-api] [restartedMain] o.s.m.s.b.SimpleBrokerMessageHandler     : Starting...
2026-06-24T14:51:03.353+09:00  INFO 66119 --- [sisibibi-api] [restartedMain] o.s.m.s.b.SimpleBrokerMessageHandler     : BrokerAvailabilityEvent[available=true, SimpleBrokerMessageHandler [org.springframework.messaging.simp.broker.DefaultSubscriptionRegistry@387554df]]
2026-06-24T14:51:03.353+09:00  INFO 66119 --- [sisibibi-api] [restartedMain] o.s.m.s.b.SimpleBrokerMessageHandler     : Started.
2026-06-24T14:51:03.357+09:00  INFO 66119 --- [sisibibi-api] [restartedMain] o.s.b.w.embedded.tomcat.TomcatWebServer  : Tomcat started on port 8080 (http) with context path '/'
2026-06-24T14:51:03.364+09:00  INFO 66119 --- [sisibibi-api] [restartedMain] o.s.s.config.TaskSchedulerRouter         : More than one TaskScheduler bean exists within the context, and none is named 'taskScheduler'. Mark one of them as primary or name it 'taskScheduler' (possibly as an alias); or implement the SchedulingConfigurer interface and call ScheduledTaskRegistrar#setScheduler explicitly within the configureTasks() callback: [clientInboundChannelExecutor, clientOutboundChannelExecutor, messageBrokerTaskScheduler, webSocketHeartbeatTaskScheduler]
2026-06-24T14:51:03.365+09:00  INFO 66119 --- [sisibibi-api] [restartedMain] com.sisibibi.api.ApiApplication          : Started ApiApplication in 13.774 seconds (process running for 1406.117)
2026-06-24T14:51:04.779+09:00  INFO 66119 --- [sisibibi-api] [File Watcher] rtingClassPathChangeChangedEventListener : Restarting due to 1 class path change (1 addition, 0 deletions, 0 modifications)
2026-06-24T14:51:04.817+09:00  INFO 66119 --- [sisibibi-api] [Thread-13] o.s.b.w.e.tomcat.GracefulShutdown        : Commencing graceful shutdown. Waiting for active requests to complete
2026-06-24T14:51:04.828+09:00  INFO 66119 --- [sisibibi-api] [tomcat-shutdown] o.s.b.w.e.tomcat.GracefulShutdown        : Graceful shutdown complete
2026-06-24T14:51:04.833+09:00  INFO 66119 --- [sisibibi-api] [Thread-13] o.s.m.s.b.SimpleBrokerMessageHandler     : Stopping...
2026-06-24T14:51:04.833+09:00  INFO 66119 --- [sisibibi-api] [Thread-13] o.s.m.s.b.SimpleBrokerMessageHandler     : BrokerAvailabilityEvent[available=false, SimpleBrokerMessageHandler [org.springframework.messaging.simp.broker.DefaultSubscriptionRegistry@387554df]]
2026-06-24T14:51:04.833+09:00  INFO 66119 --- [sisibibi-api] [Thread-13] o.s.m.s.b.SimpleBrokerMessageHandler     : Stopped.
2026-06-24T14:51:04.854+09:00  INFO 66119 --- [sisibibi-api] [Thread-13] j.LocalContainerEntityManagerFactoryBean : Closing JPA EntityManagerFactory for persistence unit 'default'
2026-06-24T14:51:04.872+09:00  INFO 66119 --- [sisibibi-api] [Thread-13] com.zaxxer.hikari.HikariDataSource       : HikariPool-2 - Shutdown initiated...
2026-06-24T14:51:04.946+09:00  INFO 66119 --- [sisibibi-api] [Thread-13] com.zaxxer.hikari.HikariDataSource       : HikariPool-2 - Shutdown completed.
2026-06-24T14:51:05.329+09:00  INFO 66119 --- [sisibibi-api] [restartedMain] com.sisibibi.api.ApiApplication          : Starting ApiApplication using Java 21.0.7 with PID 66119 (/Users/admin/programmers_final_project/backend/out/production/classes started by admin in /Users/admin/programmers_final_project)
2026-06-24T14:51:05.330+09:00  INFO 66119 --- [sisibibi-api] [restartedMain] com.sisibibi.api.ApiApplication          : The following 2 profiles are active: "local", "monitoring"
2026-06-24T14:51:05.328+09:00  WARN 66119 --- [sisibibi-api] [restartedMain] com.zaxxer.hikari.pool.ProxyConnection   : HikariPool-2 - Connection com.mysql.cj.jdbc.ConnectionImpl@1f0355b3 marked as broken because of SQLSTATE(08003), ErrorCode(0)

java.sql.SQLNonTransientConnectionException: No operations allowed after connection closed.
	at com.mysql.cj.jdbc.exceptions.SQLError.createSQLException(SQLError.java:102) ~[mysql-connector-j-9.6.0.jar:9.6.0]
	at com.mysql.cj.jdbc.exceptions.SQLError.createSQLException(SQLError.java:89) ~[mysql-connector-j-9.6.0.jar:9.6.0]
	at com.mysql.cj.jdbc.exceptions.SQLError.createSQLException(SQLError.java:81) ~[mysql-connector-j-9.6.0.jar:9.6.0]
	at com.mysql.cj.jdbc.exceptions.SQLError.createSQLException(SQLError.java:55) ~[mysql-connector-j-9.6.0.jar:9.6.0]
	at com.mysql.cj.jdbc.exceptions.SQLError.createSQLException(SQLError.java:65) ~[mysql-connector-j-9.6.0.jar:9.6.0]
	at com.mysql.cj.jdbc.exceptions.SQLExceptionsMapping.translateException(SQLExceptionsMapping.java:64) ~[mysql-connector-j-9.6.0.jar:9.6.0]
	at com.mysql.cj.jdbc.ConnectionImpl.rollback(ConnectionImpl.java:1926) ~[mysql-connector-j-9.6.0.jar:9.6.0]
	at com.zaxxer.hikari.pool.ProxyConnection.rollback(ProxyConnection.java:386) ~[HikariCP-6.3.3.jar:na]
	at com.zaxxer.hikari.pool.HikariProxyConnection.rollback(HikariProxyConnection.java) ~[HikariCP-6.3.3.jar:na]
	at org.hibernate.resource.jdbc.internal.AbstractLogicalConnectionImplementor.rollback(AbstractLogicalConnectionImplementor.java:127) ~[hibernate-core-6.6.45.Final.jar:6.6.45.Final]
	at org.hibernate.resource.transaction.backend.jdbc.internal.JdbcResourceLocalTransactionCoordinatorImpl$TransactionDriverControlImpl.rollback(JdbcResourceLocalTransactionCoordinatorImpl.java:289) ~[hibernate-core-6.6.45.Final.jar:6.6.45.Final]
	at org.hibernate.engine.transaction.internal.TransactionImpl.rollback(TransactionImpl.java:142) ~[hibernate-core-6.6.45.Final.jar:6.6.45.Final]
	at org.springframework.orm.jpa.JpaTransactionManager.doRollback(JpaTransactionManager.java:590) ~[spring-orm-6.2.17.jar:6.2.17]
	at org.springframework.transaction.support.AbstractPlatformTransactionManager.processRollback(AbstractPlatformTransactionManager.java:897) ~[spring-tx-6.2.17.jar:6.2.17]
	at org.springframework.transaction.support.AbstractPlatformTransactionManager.rollback(AbstractPlatformTransactionManager.java:866) ~[spring-tx-6.2.17.jar:6.2.17]
	at org.springframework.transaction.interceptor.TransactionAspectSupport.completeTransactionAfterThrowing(TransactionAspectSupport.java:716) ~[spring-tx-6.2.17.jar:6.2.17]
	at org.springframework.transaction.interceptor.TransactionAspectSupport.invokeWithinTransaction(TransactionAspectSupport.java:384) ~[spring-tx-6.2.17.jar:6.2.17]
	at org.springframework.transaction.interceptor.TransactionInterceptor.invoke(TransactionInterceptor.java:119) ~[spring-tx-6.2.17.jar:6.2.17]
	at org.springframework.aop.framework.ReflectiveMethodInvocation.proceed(ReflectiveMethodInvocation.java:184) ~[spring-aop-6.2.17.jar:6.2.17]
	at org.springframework.aop.framework.CglibAopProxy$DynamicAdvisedInterceptor.intercept(CglibAopProxy.java:728) ~[spring-aop-6.2.17.jar:6.2.17]
	at com.sisibibi.api.global.config.LocalDataInitializer$$SpringCGLIB$$0.run(<generated>) ~[classes/:na]
	at org.springframework.boot.SpringApplication.lambda$callRunner$4(SpringApplication.java:784) ~[spring-boot-3.5.13.jar:3.5.13]
	at org.springframework.util.function.ThrowingConsumer$1.acceptWithException(ThrowingConsumer.java:82) ~[spring-core-6.2.17.jar:6.2.17]
	at org.springframework.util.function.ThrowingConsumer.accept(ThrowingConsumer.java:60) ~[spring-core-6.2.17.jar:6.2.17]
	at org.springframework.util.function.ThrowingConsumer$1.accept(ThrowingConsumer.java:86) ~[spring-core-6.2.17.jar:6.2.17]
	at org.springframework.boot.SpringApplication.callRunner(SpringApplication.java:796) ~[spring-boot-3.5.13.jar:3.5.13]
	at org.springframework.boot.SpringApplication.callRunner(SpringApplication.java:784) ~[spring-boot-3.5.13.jar:3.5.13]
	at org.springframework.boot.SpringApplication.lambda$callRunners$3(SpringApplication.java:772) ~[spring-boot-3.5.13.jar:3.5.13]
	at java.base/java.util.stream.ForEachOps$ForEachOp$OfRef.accept(ForEachOps.java:184) ~[na:na]
	at java.base/java.util.stream.SortedOps$SizedRefSortingSink.end(SortedOps.java:357) ~[na:na]
	at java.base/java.util.stream.AbstractPipeline.copyInto(AbstractPipeline.java:510) ~[na:na]
	at java.base/java.util.stream.AbstractPipeline.wrapAndCopyInto(AbstractPipeline.java:499) ~[na:na]
	at java.base/java.util.stream.ForEachOps$ForEachOp.evaluateSequential(ForEachOps.java:151) ~[na:na]
	at java.base/java.util.stream.ForEachOps$ForEachOp$OfRef.evaluateSequential(ForEachOps.java:174) ~[na:na]
	at java.base/java.util.stream.AbstractPipeline.evaluate(AbstractPipeline.java:234) ~[na:na]
	at java.base/java.util.stream.ReferencePipeline.forEach(ReferencePipeline.java:596) ~[na:na]
	at org.springframework.boot.SpringApplication.callRunners(SpringApplication.java:772) ~[spring-boot-3.5.13.jar:3.5.13]
	at org.springframework.boot.SpringApplication.run(SpringApplication.java:325) ~[spring-boot-3.5.13.jar:3.5.13]
	at org.springframework.boot.SpringApplication.run(SpringApplication.java:1361) ~[spring-boot-3.5.13.jar:3.5.13]
	at org.springframework.boot.SpringApplication.run(SpringApplication.java:1350) ~[spring-boot-3.5.13.jar:3.5.13]
	at com.sisibibi.api.ApiApplication.main(ApiApplication.java:12) ~[classes/:na]
	at java.base/jdk.internal.reflect.DirectMethodHandleAccessor.invoke(DirectMethodHandleAccessor.java:103) ~[na:na]
	at java.base/java.lang.reflect.Method.invoke(Method.java:580) ~[na:na]
	at org.springframework.boot.devtools.restart.RestartLauncher.run(RestartLauncher.java:50) ~[spring-boot-devtools-3.5.13.jar:3.5.13]
Caused by: com.mysql.cj.exceptions.ConnectionIsClosedException: No operations allowed after connection closed.
	at java.base/jdk.internal.reflect.DirectConstructorHandleAccessor.newInstance(DirectConstructorHandleAccessor.java:62) ~[na:na]
	at java.base/java.lang.reflect.Constructor.newInstanceWithCaller(Constructor.java:502) ~[na:na]
	at java.base/java.lang.reflect.Constructor.newInstance(Constructor.java:486) ~[na:na]
	at com.mysql.cj.exceptions.ExceptionFactory.createException(ExceptionFactory.java:52) ~[mysql-connector-j-9.6.0.jar:9.6.0]
	at com.mysql.cj.exceptions.ExceptionFactory.createException(ExceptionFactory.java:95) ~[mysql-connector-j-9.6.0.jar:9.6.0]
	at com.mysql.cj.exceptions.ExceptionFactory.createException(ExceptionFactory.java:140) ~[mysql-connector-j-9.6.0.jar:9.6.0]
	at com.mysql.cj.NativeSession.checkClosed(NativeSession.java:929) ~[mysql-connector-j-9.6.0.jar:9.6.0]
	at com.mysql.cj.jdbc.ConnectionImpl.checkClosed(ConnectionImpl.java:558) ~[mysql-connector-j-9.6.0.jar:9.6.0]
	at com.mysql.cj.jdbc.ConnectionImpl.rollback(ConnectionImpl.java:1889) ~[mysql-connector-j-9.6.0.jar:9.6.0]
	... 37 common frames omitted

2026-06-24T14:51:05.344+09:00 ERROR 66119 --- [sisibibi-api] [restartedMain] o.s.t.i.TransactionInterceptor           : Application exception overridden by rollback exception

org.springframework.boot.context.properties.ConfigurationPropertiesBindException: Error creating bean with name 'spring.data.redis-org.springframework.boot.autoconfigure.data.redis.RedisProperties': Could not bind properties to 'RedisProperties' : prefix=spring.data.redis, ignoreInvalidFields=false, ignoreUnknownFields=true
	at org.springframework.boot.context.properties.ConfigurationPropertiesBindingPostProcessor.bind(ConfigurationPropertiesBindingPostProcessor.java:99) ~[spring-boot-3.5.13.jar:3.5.13]
	at org.springframework.boot.context.properties.ConfigurationPropertiesBindingPostProcessor.postProcessBeforeInitialization(ConfigurationPropertiesBindingPostProcessor.java:79) ~[spring-boot-3.5.13.jar:3.5.13]
	at org.springframework.beans.factory.support.AbstractAutowireCapableBeanFactory.applyBeanPostProcessorsBeforeInitialization(AbstractAutowireCapableBeanFactory.java:429) ~[spring-beans-6.2.17.jar:6.2.17]
	at org.springframework.beans.factory.support.AbstractAutowireCapableBeanFactory.initializeBean(AbstractAutowireCapableBeanFactory.java:1818) ~[spring-beans-6.2.17.jar:6.2.17]
	at org.springframework.beans.factory.support.AbstractAutowireCapableBeanFactory.doCreateBean(AbstractAutowireCapableBeanFactory.java:607) ~[spring-beans-6.2.17.jar:6.2.17]
	at org.springframework.beans.factory.support.AbstractAutowireCapableBeanFactory.createBean(AbstractAutowireCapableBeanFactory.java:529) ~[spring-beans-6.2.17.jar:6.2.17]
	at org.springframework.beans.factory.support.AbstractBeanFactory.lambda$doGetBean$0(AbstractBeanFactory.java:339) ~[spring-beans-6.2.17.jar:6.2.17]
	at org.springframework.beans.factory.support.DefaultSingletonBeanRegistry.getSingleton(DefaultSingletonBeanRegistry.java:373) ~[spring-beans-6.2.17.jar:6.2.17]
	at org.springframework.beans.factory.support.AbstractBeanFactory.doGetBean(AbstractBeanFactory.java:337) ~[spring-beans-6.2.17.jar:6.2.17]
	at org.springframework.beans.factory.support.AbstractBeanFactory.getBean(AbstractBeanFactory.java:202) ~[spring-beans-6.2.17.jar:6.2.17]
	at org.springframework.beans.factory.config.DependencyDescriptor.resolveCandidate(DependencyDescriptor.java:254) ~[spring-beans-6.2.17.jar:6.2.17]
	at org.springframework.beans.factory.support.DefaultListableBeanFactory.doResolveDependency(DefaultListableBeanFactory.java:1770) ~[spring-beans-6.2.17.jar:6.2.17]
	at org.springframework.beans.factory.support.DefaultListableBeanFactory.resolveDependency(DefaultListableBeanFactory.java:1653) ~[spring-beans-6.2.17.jar:6.2.17]
	at org.springframework.beans.factory.support.ConstructorResolver.resolveAutowiredArgument(ConstructorResolver.java:913) ~[spring-beans-6.2.17.jar:6.2.17]
	at org.springframework.beans.factory.support.ConstructorResolver.resolvePreparedArguments(ConstructorResolver.java:845) ~[spring-beans-6.2.17.jar:6.2.17]
	at org.springframework.beans.factory.support.ConstructorResolver.autowireConstructor(ConstructorResolver.java:161) ~[spring-beans-6.2.17.jar:6.2.17]
	at org.springframework.beans.factory.support.AbstractAutowireCapableBeanFactory.autowireConstructor(AbstractAutowireCapableBeanFactory.java:1395) ~[spring-beans-6.2.17.jar:6.2.17]
	at org.springframework.beans.factory.support.AbstractAutowireCapableBeanFactory.createBeanInstance(AbstractAutowireCapableBeanFactory.java:1221) ~[spring-beans-6.2.17.jar:6.2.17]
	at org.springframework.beans.factory.support.AbstractAutowireCapableBeanFactory.doCreateBean(AbstractAutowireCapableBeanFactory.java:569) ~[spring-beans-6.2.17.jar:6.2.17]
	at org.springframework.beans.factory.support.AbstractAutowireCapableBeanFactory.createBean(AbstractAutowireCapableBeanFactory.java:529) ~[spring-beans-6.2.17.jar:6.2.17]
	at org.springframework.beans.factory.support.AbstractBeanFactory.lambda$doGetBean$0(AbstractBeanFactory.java:339) ~[spring-beans-6.2.17.jar:6.2.17]
	at org.springframework.beans.factory.support.DefaultSingletonBeanRegistry.getSingleton(DefaultSingletonBeanRegistry.java:373) ~[spring-beans-6.2.17.jar:6.2.17]
	at org.springframework.beans.factory.support.AbstractBeanFactory.doGetBean(AbstractBeanFactory.java:337) ~[spring-beans-6.2.17.jar:6.2.17]
	at org.springframework.beans.factory.support.AbstractBeanFactory.getBean(AbstractBeanFactory.java:202) ~[spring-beans-6.2.17.jar:6.2.17]
	at org.springframework.beans.factory.support.ConstructorResolver.instantiateUsingFactoryMethod(ConstructorResolver.java:413) ~[spring-beans-6.2.17.jar:6.2.17]
	at org.springframework.beans.factory.support.AbstractAutowireCapableBeanFactory.instantiateUsingFactoryMethod(AbstractAutowireCapableBeanFactory.java:1375) ~[spring-beans-6.2.17.jar:6.2.17]
	at org.springframework.beans.factory.support.AbstractAutowireCapableBeanFactory.createBeanInstance(AbstractAutowireCapableBeanFactory.java:1205) ~[spring-beans-6.2.17.jar:6.2.17]
	at org.springframework.beans.factory.support.AbstractAutowireCapableBeanFactory.doCreateBean(AbstractAutowireCapableBeanFactory.java:569) ~[spring-beans-6.2.17.jar:6.2.17]
	at org.springframework.beans.factory.support.AbstractAutowireCapableBeanFactory.createBean(AbstractAutowireCapableBeanFactory.java:529) ~[spring-beans-6.2.17.jar:6.2.17]
	at org.springframework.beans.factory.support.AbstractBeanFactory.lambda$doGetBean$0(AbstractBeanFactory.java:339) ~[spring-beans-6.2.17.jar:6.2.17]
	at org.springframework.beans.factory.support.DefaultSingletonBeanRegistry.getSingleton(DefaultSingletonBeanRegistry.java:373) ~[spring-beans-6.2.17.jar:6.2.17]
	at org.springframework.beans.factory.support.AbstractBeanFactory.doGetBean(AbstractBeanFactory.java:337) ~[spring-beans-6.2.17.jar:6.2.17]
	at org.springframework.beans.factory.support.AbstractBeanFactory.getBean(AbstractBeanFactory.java:202) ~[spring-beans-6.2.17.jar:6.2.17]
	at org.springframework.beans.factory.support.DefaultListableBeanFactory$1.orderedStream(DefaultListableBeanFactory.java:525) ~[spring-beans-6.2.17.jar:6.2.17]
	at org.springframework.dao.support.PersistenceExceptionTranslationInterceptor.detectPersistenceExceptionTranslators(PersistenceExceptionTranslationInterceptor.java:175) ~[spring-tx-6.2.17.jar:6.2.17]
	at org.springframework.dao.support.PersistenceExceptionTranslationInterceptor.invoke(PersistenceExceptionTranslationInterceptor.java:151) ~[spring-tx-6.2.17.jar:6.2.17]
	at org.springframework.aop.framework.ReflectiveMethodInvocation.proceed(ReflectiveMethodInvocation.java:184) ~[spring-aop-6.2.17.jar:6.2.17]
	at org.springframework.data.jpa.repository.support.CrudMethodMetadataPostProcessor$CrudMethodMetadataPopulatingMethodInterceptor.invoke(CrudMethodMetadataPostProcessor.java:165) ~[spring-data-jpa-3.5.10.jar:3.5.10]
	at org.springframework.aop.framework.ReflectiveMethodInvocation.proceed(ReflectiveMethodInvocation.java:184) ~[spring-aop-6.2.17.jar:6.2.17]
	at org.springframework.aop.framework.JdkDynamicAopProxy.invoke(JdkDynamicAopProxy.java:223) ~[spring-aop-6.2.17.jar:6.2.17]
	at jdk.proxy6/jdk.proxy6.$Proxy255.save(Unknown Source) ~[na:na]
	at com.sisibibi.api.global.config.LocalDataInitializer.lambda$findOrCreateAdmin$1(LocalDataInitializer.java:171) ~[classes/:na]
	at java.base/java.util.Optional.orElseGet(Optional.java:364) ~[na:na]
	at com.sisibibi.api.global.config.LocalDataInitializer.findOrCreateAdmin(LocalDataInitializer.java:171) ~[classes/:na]
	at com.sisibibi.api.global.config.LocalDataInitializer.run(LocalDataInitializer.java:73) ~[classes/:na]
	at java.base/jdk.internal.reflect.DirectMethodHandleAccessor.invoke(DirectMethodHandleAccessor.java:103) ~[na:na]
	at java.base/java.lang.reflect.Method.invoke(Method.java:580) ~[na:na]
	at org.springframework.aop.support.AopUtils.invokeJoinpointUsingReflection(AopUtils.java:360) ~[spring-aop-6.2.17.jar:6.2.17]
	at org.springframework.aop.framework.ReflectiveMethodInvocation.invokeJoinpoint(ReflectiveMethodInvocation.java:196) ~[spring-aop-6.2.17.jar:6.2.17]
	at org.springframework.aop.framework.ReflectiveMethodInvocation.proceed(ReflectiveMethodInvocation.java:163) ~[spring-aop-6.2.17.jar:6.2.17]
	at org.springframework.transaction.interceptor.TransactionAspectSupport.invokeWithinTransaction(TransactionAspectSupport.java:380) ~[spring-tx-6.2.17.jar:6.2.17]
	at org.springframework.transaction.interceptor.TransactionInterceptor.invoke(TransactionInterceptor.java:119) ~[spring-tx-6.2.17.jar:6.2.17]
	at org.springframework.aop.framework.ReflectiveMethodInvocation.proceed(ReflectiveMethodInvocation.java:184) ~[spring-aop-6.2.17.jar:6.2.17]
	at org.springframework.aop.framework.CglibAopProxy$DynamicAdvisedInterceptor.intercept(CglibAopProxy.java:728) ~[spring-aop-6.2.17.jar:6.2.17]
	at com.sisibibi.api.global.config.LocalDataInitializer$$SpringCGLIB$$0.run(<generated>) ~[classes/:na]
	at org.springframework.boot.SpringApplication.lambda$callRunner$4(SpringApplication.java:784) ~[spring-boot-3.5.13.jar:3.5.13]
	at org.springframework.util.function.ThrowingConsumer$1.acceptWithException(ThrowingConsumer.java:82) ~[spring-core-6.2.17.jar:6.2.17]
	at org.springframework.util.function.ThrowingConsumer.accept(ThrowingConsumer.java:60) ~[spring-core-6.2.17.jar:6.2.17]
	at org.springframework.util.function.ThrowingConsumer$1.accept(ThrowingConsumer.java:86) ~[spring-core-6.2.17.jar:6.2.17]
	at org.springframework.boot.SpringApplication.callRunner(SpringApplication.java:796) ~[spring-boot-3.5.13.jar:3.5.13]
	at org.springframework.boot.SpringApplication.callRunner(SpringApplication.java:784) ~[spring-boot-3.5.13.jar:3.5.13]
	at org.springframework.boot.SpringApplication.lambda$callRunners$3(SpringApplication.java:772) ~[spring-boot-3.5.13.jar:3.5.13]
	at java.base/java.util.stream.ForEachOps$ForEachOp$OfRef.accept(ForEachOps.java:184) ~[na:na]
	at java.base/java.util.stream.SortedOps$SizedRefSortingSink.end(SortedOps.java:357) ~[na:na]
	at java.base/java.util.stream.AbstractPipeline.copyInto(AbstractPipeline.java:510) ~[na:na]
	at java.base/java.util.stream.AbstractPipeline.wrapAndCopyInto(AbstractPipeline.java:499) ~[na:na]
	at java.base/java.util.stream.ForEachOps$ForEachOp.evaluateSequential(ForEachOps.java:151) ~[na:na]
	at java.base/java.util.stream.ForEachOps$ForEachOp$OfRef.evaluateSequential(ForEachOps.java:174) ~[na:na]
	at java.base/java.util.stream.AbstractPipeline.evaluate(AbstractPipeline.java:234) ~[na:na]
	at java.base/java.util.stream.ReferencePipeline.forEach(ReferencePipeline.java:596) ~[na:na]
	at org.springframework.boot.SpringApplication.callRunners(SpringApplication.java:772) ~[spring-boot-3.5.13.jar:3.5.13]
	at org.springframework.boot.SpringApplication.run(SpringApplication.java:325) ~[spring-boot-3.5.13.jar:3.5.13]
	at org.springframework.boot.SpringApplication.run(SpringApplication.java:1361) ~[spring-boot-3.5.13.jar:3.5.13]
	at org.springframework.boot.SpringApplication.run(SpringApplication.java:1350) ~[spring-boot-3.5.13.jar:3.5.13]
	at com.sisibibi.api.ApiApplication.main(ApiApplication.java:12) ~[classes/:na]
	at java.base/jdk.internal.reflect.DirectMethodHandleAccessor.invoke(DirectMethodHandleAccessor.java:103) ~[na:na]
	at java.base/java.lang.reflect.Method.invoke(Method.java:580) ~[na:na]
	at org.springframework.boot.devtools.restart.RestartLauncher.run(RestartLauncher.java:50) ~[spring-boot-devtools-3.5.13.jar:3.5.13]
Caused by: java.lang.IllegalStateException: org.springframework.boot.web.servlet.context.AnnotationConfigServletWebServerApplicationContext@53d5faf0 has been closed already
	at org.springframework.context.support.AbstractApplicationContext.assertBeanFactoryActive(AbstractApplicationContext.java:1280) ~[spring-context-6.2.17.jar:6.2.17]
	at org.springframework.context.support.AbstractApplicationContext.getBean(AbstractApplicationContext.java:1301) ~[spring-context-6.2.17.jar:6.2.17]
	at org.springframework.boot.context.properties.BoundConfigurationProperties.get(BoundConfigurationProperties.java:76) ~[spring-boot-3.5.13.jar:3.5.13]
	at org.springframework.boot.context.properties.ConfigurationPropertiesBinder.getHandler(ConfigurationPropertiesBinder.java:144) ~[spring-boot-3.5.13.jar:3.5.13]
	at org.springframework.boot.context.properties.ConfigurationPropertiesBinder.getBindHandler(ConfigurationPropertiesBinder.java:113) ~[spring-boot-3.5.13.jar:3.5.13]
	at org.springframework.boot.context.properties.ConfigurationPropertiesBinder.bind(ConfigurationPropertiesBinder.java:93) ~[spring-boot-3.5.13.jar:3.5.13]
	at org.springframework.boot.context.properties.ConfigurationPropertiesBindingPostProcessor.bind(ConfigurationPropertiesBindingPostProcessor.java:96) ~[spring-boot-3.5.13.jar:3.5.13]
	... 77 common frames omitted

2026-06-24T14:51:05.352+09:00  INFO 66119 --- [sisibibi-api] [restartedMain] .s.b.a.l.ConditionEvaluationReportLogger : 

Error starting ApplicationContext. To display the condition evaluation report re-run your application with 'debug' enabled.
2026-06-24T14:51:05.396+09:00 ERROR 66119 --- [sisibibi-api] [restartedMain] o.s.boot.SpringApplication               : Application run failed

org.springframework.dao.DataAccessResourceFailureException: Hibernate transaction: Unable to rollback against JDBC Connection; No operations allowed after connection closed.
	at org.springframework.jdbc.support.SQLExceptionSubclassTranslator.doTranslate(SQLExceptionSubclassTranslator.java:97) ~[spring-jdbc-6.2.17.jar:6.2.17]
	at org.springframework.jdbc.support.AbstractFallbackSQLExceptionTranslator.translate(AbstractFallbackSQLExceptionTranslator.java:107) ~[spring-jdbc-6.2.17.jar:6.2.17]
	at org.springframework.orm.jpa.vendor.HibernateJpaDialect.convertHibernateAccessException(HibernateJpaDialect.java:269) ~[spring-orm-6.2.17.jar:6.2.17]
	at org.springframework.orm.jpa.vendor.HibernateJpaDialect.convertHibernateAccessException(HibernateJpaDialect.java:256) ~[spring-orm-6.2.17.jar:6.2.17]
	at org.springframework.orm.jpa.vendor.HibernateJpaDialect.translateExceptionIfPossible(HibernateJpaDialect.java:241) ~[spring-orm-6.2.17.jar:6.2.17]
	at org.springframework.orm.jpa.JpaTransactionManager.doRollback(JpaTransactionManager.java:594) ~[spring-orm-6.2.17.jar:6.2.17]
	at org.springframework.transaction.support.AbstractPlatformTransactionManager.processRollback(AbstractPlatformTransactionManager.java:897) ~[spring-tx-6.2.17.jar:6.2.17]
	at org.springframework.transaction.support.AbstractPlatformTransactionManager.rollback(AbstractPlatformTransactionManager.java:866) ~[spring-tx-6.2.17.jar:6.2.17]
	at org.springframework.transaction.interceptor.TransactionAspectSupport.completeTransactionAfterThrowing(TransactionAspectSupport.java:716) ~[spring-tx-6.2.17.jar:6.2.17]
	at org.springframework.transaction.interceptor.TransactionAspectSupport.invokeWithinTransaction(TransactionAspectSupport.java:384) ~[spring-tx-6.2.17.jar:6.2.17]
	at org.springframework.transaction.interceptor.TransactionInterceptor.invoke(TransactionInterceptor.java:119) ~[spring-tx-6.2.17.jar:6.2.17]
	at org.springframework.aop.framework.ReflectiveMethodInvocation.proceed(ReflectiveMethodInvocation.java:184) ~[spring-aop-6.2.17.jar:6.2.17]
	at org.springframework.aop.framework.CglibAopProxy$DynamicAdvisedInterceptor.intercept(CglibAopProxy.java:728) ~[spring-aop-6.2.17.jar:6.2.17]
	at com.sisibibi.api.global.config.LocalDataInitializer$$SpringCGLIB$$0.run(<generated>) ~[classes/:na]
	at org.springframework.boot.SpringApplication.lambda$callRunner$4(SpringApplication.java:784) ~[spring-boot-3.5.13.jar:3.5.13]
	at org.springframework.util.function.ThrowingConsumer$1.acceptWithException(ThrowingConsumer.java:82) ~[spring-core-6.2.17.jar:6.2.17]
	at org.springframework.util.function.ThrowingConsumer.accept(ThrowingConsumer.java:60) ~[spring-core-6.2.17.jar:6.2.17]
	at org.springframework.util.function.ThrowingConsumer$1.accept(ThrowingConsumer.java:86) ~[spring-core-6.2.17.jar:6.2.17]
	at org.springframework.boot.SpringApplication.callRunner(SpringApplication.java:796) ~[spring-boot-3.5.13.jar:3.5.13]
	at org.springframework.boot.SpringApplication.callRunner(SpringApplication.java:784) ~[spring-boot-3.5.13.jar:3.5.13]
	at org.springframework.boot.SpringApplication.lambda$callRunners$3(SpringApplication.java:772) ~[spring-boot-3.5.13.jar:3.5.13]
	at java.base/java.util.stream.ForEachOps$ForEachOp$OfRef.accept(ForEachOps.java:184) ~[na:na]
	at java.base/java.util.stream.SortedOps$SizedRefSortingSink.end(SortedOps.java:357) ~[na:na]
	at java.base/java.util.stream.AbstractPipeline.copyInto(AbstractPipeline.java:510) ~[na:na]
	at java.base/java.util.stream.AbstractPipeline.wrapAndCopyInto(AbstractPipeline.java:499) ~[na:na]
	at java.base/java.util.stream.ForEachOps$ForEachOp.evaluateSequential(ForEachOps.java:151) ~[na:na]
	at java.base/java.util.stream.ForEachOps$ForEachOp$OfRef.evaluateSequential(ForEachOps.java:174) ~[na:na]
	at java.base/java.util.stream.AbstractPipeline.evaluate(AbstractPipeline.java:234) ~[na:na]
	at java.base/java.util.stream.ReferencePipeline.forEach(ReferencePipeline.java:596) ~[na:na]
	at org.springframework.boot.SpringApplication.callRunners(SpringApplication.java:772) ~[spring-boot-3.5.13.jar:3.5.13]
	at org.springframework.boot.SpringApplication.run(SpringApplication.java:325) ~[spring-boot-3.5.13.jar:3.5.13]
	at org.springframework.boot.SpringApplication.run(SpringApplication.java:1361) ~[spring-boot-3.5.13.jar:3.5.13]
	at org.springframework.boot.SpringApplication.run(SpringApplication.java:1350) ~[spring-boot-3.5.13.jar:3.5.13]
	at com.sisibibi.api.ApiApplication.main(ApiApplication.java:12) ~[classes/:na]
	at java.base/jdk.internal.reflect.DirectMethodHandleAccessor.invoke(DirectMethodHandleAccessor.java:103) ~[na:na]
	at java.base/java.lang.reflect.Method.invoke(Method.java:580) ~[na:na]
	at org.springframework.boot.devtools.restart.RestartLauncher.run(RestartLauncher.java:50) ~[spring-boot-devtools-3.5.13.jar:3.5.13]
Caused by: java.sql.SQLNonTransientConnectionException: No operations allowed after connection closed.
	at com.mysql.cj.jdbc.exceptions.SQLError.createSQLException(SQLError.java:102) ~[mysql-connector-j-9.6.0.jar:9.6.0]
	at com.mysql.cj.jdbc.exceptions.SQLError.createSQLException(SQLError.java:89) ~[mysql-connector-j-9.6.0.jar:9.6.0]
	at com.mysql.cj.jdbc.exceptions.SQLError.createSQLException(SQLError.java:81) ~[mysql-connector-j-9.6.0.jar:9.6.0]
	at com.mysql.cj.jdbc.exceptions.SQLError.createSQLException(SQLError.java:55) ~[mysql-connector-j-9.6.0.jar:9.6.0]
	at com.mysql.cj.jdbc.exceptions.SQLError.createSQLException(SQLError.java:65) ~[mysql-connector-j-9.6.0.jar:9.6.0]
	at com.mysql.cj.jdbc.exceptions.SQLExceptionsMapping.translateException(SQLExceptionsMapping.java:64) ~[mysql-connector-j-9.6.0.jar:9.6.0]
	at com.mysql.cj.jdbc.ConnectionImpl.rollback(ConnectionImpl.java:1926) ~[mysql-connector-j-9.6.0.jar:9.6.0]
	at com.zaxxer.hikari.pool.ProxyConnection.rollback(ProxyConnection.java:386) ~[HikariCP-6.3.3.jar:na]
	at com.zaxxer.hikari.pool.HikariProxyConnection.rollback(HikariProxyConnection.java) ~[HikariCP-6.3.3.jar:na]
	at org.hibernate.resource.jdbc.internal.AbstractLogicalConnectionImplementor.rollback(AbstractLogicalConnectionImplementor.java:127) ~[hibernate-core-6.6.45.Final.jar:6.6.45.Final]
	at org.hibernate.resource.transaction.backend.jdbc.internal.JdbcResourceLocalTransactionCoordinatorImpl$TransactionDriverControlImpl.rollback(JdbcResourceLocalTransactionCoordinatorImpl.java:289) ~[hibernate-core-6.6.45.Final.jar:6.6.45.Final]
	at org.hibernate.engine.transaction.internal.TransactionImpl.rollback(TransactionImpl.java:142) ~[hibernate-core-6.6.45.Final.jar:6.6.45.Final]
	at org.springframework.orm.jpa.JpaTransactionManager.doRollback(JpaTransactionManager.java:590) ~[spring-orm-6.2.17.jar:6.2.17]
	... 31 common frames omitted
Caused by: com.mysql.cj.exceptions.ConnectionIsClosedException: No operations allowed after connection closed.
	at java.base/jdk.internal.reflect.DirectConstructorHandleAccessor.newInstance(DirectConstructorHandleAccessor.java:62) ~[na:na]
	at java.base/java.lang.reflect.Constructor.newInstanceWithCaller(Constructor.java:502) ~[na:na]
	at java.base/java.lang.reflect.Constructor.newInstance(Constructor.java:486) ~[na:na]
	at com.mysql.cj.exceptions.ExceptionFactory.createException(ExceptionFactory.java:52) ~[mysql-connector-j-9.6.0.jar:9.6.0]
	at com.mysql.cj.exceptions.ExceptionFactory.createException(ExceptionFactory.java:95) ~[mysql-connector-j-9.6.0.jar:9.6.0]
	at com.mysql.cj.exceptions.ExceptionFactory.createException(ExceptionFactory.java:140) ~[mysql-connector-j-9.6.0.jar:9.6.0]
	at com.mysql.cj.NativeSession.checkClosed(NativeSession.java:929) ~[mysql-connector-j-9.6.0.jar:9.6.0]
	at com.mysql.cj.jdbc.ConnectionImpl.checkClosed(ConnectionImpl.java:558) ~[mysql-connector-j-9.6.0.jar:9.6.0]
	at com.mysql.cj.jdbc.ConnectionImpl.rollback(ConnectionImpl.java:1889) ~[mysql-connector-j-9.6.0.jar:9.6.0]
	... 37 common frames omitted

2026-06-24T14:51:06.190+09:00  INFO 66119 --- [sisibibi-api] [restartedMain] .s.d.r.c.RepositoryConfigurationDelegate : Multiple Spring Data modules found, entering strict repository configuration mode
2026-06-24T14:51:06.190+09:00  INFO 66119 --- [sisibibi-api] [restartedMain] .s.d.r.c.RepositoryConfigurationDelegate : Bootstrapping Spring Data JPA repositories in DEFAULT mode.
2026-06-24T14:51:06.239+09:00  INFO 66119 --- [sisibibi-api] [restartedMain] .s.d.r.c.RepositoryConfigurationDelegate : Finished Spring Data repository scanning in 48 ms. Found 11 JPA repository interfaces.
2026-06-24T14:51:06.245+09:00  INFO 66119 --- [sisibibi-api] [restartedMain] .s.d.r.c.RepositoryConfigurationDelegate : Multiple Spring Data modules found, entering strict repository configuration mode
2026-06-24T14:51:06.245+09:00  INFO 66119 --- [sisibibi-api] [restartedMain] .s.d.r.c.RepositoryConfigurationDelegate : Bootstrapping Spring Data Redis repositories in DEFAULT mode.
2026-06-24T14:51:06.254+09:00  INFO 66119 --- [sisibibi-api] [restartedMain] .RepositoryConfigurationExtensionSupport : Spring Data Redis - Could not safely identify store assignment for repository candidate interface com.sisibibi.api.domain.chat.repository.ChatMessageRepository; If you want this repository to be a Redis repository, consider annotating your entities with one of these annotations: org.springframework.data.redis.core.RedisHash (preferred), or consider extending one of the following types with your repository: org.springframework.data.keyvalue.repository.KeyValueRepository
2026-06-24T14:51:06.254+09:00  INFO 66119 --- [sisibibi-api] [restartedMain] .RepositoryConfigurationExtensionSupport : Spring Data Redis - Could not safely identify store assignment for repository candidate interface com.sisibibi.api.domain.report.repository.AiReportRepository; If you want this repository to be a Redis repository, consider annotating your entities with one of these annotations: org.springframework.data.redis.core.RedisHash (preferred), or consider extending one of the following types with your repository: org.springframework.data.keyvalue.repository.KeyValueRepository
2026-06-24T14:51:06.254+09:00  INFO 66119 --- [sisibibi-api] [restartedMain] .RepositoryConfigurationExtensionSupport : Spring Data Redis - Could not safely identify store assignment for repository candidate interface com.sisibibi.api.domain.room.repository.RoomRepository; If you want this repository to be a Redis repository, consider annotating your entities with one of these annotations: org.springframework.data.redis.core.RedisHash (preferred), or consider extending one of the following types with your repository: org.springframework.data.keyvalue.repository.KeyValueRepository
2026-06-24T14:51:06.254+09:00  INFO 66119 --- [sisibibi-api] [restartedMain] .RepositoryConfigurationExtensionSupport : Spring Data Redis - Could not safely identify store assignment for repository candidate interface com.sisibibi.api.domain.roomparticipant.repository.RoomParticipantRepository; If you want this repository to be a Redis repository, consider annotating your entities with one of these annotations: org.springframework.data.redis.core.RedisHash (preferred), or consider extending one of the following types with your repository: org.springframework.data.keyvalue.repository.KeyValueRepository
2026-06-24T14:51:06.254+09:00  INFO 66119 --- [sisibibi-api] [restartedMain] .RepositoryConfigurationExtensionSupport : Spring Data Redis - Could not safely identify store assignment for repository candidate interface com.sisibibi.api.domain.speech.repository.SpeakingQueueRepository; If you want this repository to be a Redis repository, consider annotating your entities with one of these annotations: org.springframework.data.redis.core.RedisHash (preferred), or consider extending one of the following types with your repository: org.springframework.data.keyvalue.repository.KeyValueRepository
2026-06-24T14:51:06.254+09:00  INFO 66119 --- [sisibibi-api] [restartedMain] .RepositoryConfigurationExtensionSupport : Spring Data Redis - Could not safely identify store assignment for repository candidate interface com.sisibibi.api.domain.speech.repository.SpeechRepository; If you want this repository to be a Redis repository, consider annotating your entities with one of these annotations: org.springframework.data.redis.core.RedisHash (preferred), or consider extending one of the following types with your repository: org.springframework.data.keyvalue.repository.KeyValueRepository
2026-06-24T14:51:06.255+09:00  INFO 66119 --- [sisibibi-api] [restartedMain] .RepositoryConfigurationExtensionSupport : Spring Data Redis - Could not safely identify store assignment for repository candidate interface com.sisibibi.api.domain.speechreaction.repository.SpeechReactionRepository; If you want this repository to be a Redis repository, consider annotating your entities with one of these annotations: org.springframework.data.redis.core.RedisHash (preferred), or consider extending one of the following types with your repository: org.springframework.data.keyvalue.repository.KeyValueRepository
2026-06-24T14:51:06.255+09:00  INFO 66119 --- [sisibibi-api] [restartedMain] .RepositoryConfigurationExtensionSupport : Spring Data Redis - Could not safely identify store assignment for repository candidate interface com.sisibibi.api.domain.speechreport.repository.SpeechReportRepository; If you want this repository to be a Redis repository, consider annotating your entities with one of these annotations: org.springframework.data.redis.core.RedisHash (preferred), or consider extending one of the following types with your repository: org.springframework.data.keyvalue.repository.KeyValueRepository
2026-06-24T14:51:06.255+09:00  INFO 66119 --- [sisibibi-api] [restartedMain] .RepositoryConfigurationExtensionSupport : Spring Data Redis - Could not safely identify store assignment for repository candidate interface com.sisibibi.api.domain.topic.repository.TopicRepository; If you want this repository to be a Redis repository, consider annotating your entities with one of these annotations: org.springframework.data.redis.core.RedisHash (preferred), or consider extending one of the following types with your repository: org.springframework.data.keyvalue.repository.KeyValueRepository
2026-06-24T14:51:06.255+09:00  INFO 66119 --- [sisibibi-api] [restartedMain] .RepositoryConfigurationExtensionSupport : Spring Data Redis - Could not safely identify store assignment for repository candidate interface com.sisibibi.api.domain.user.repository.UserRepository; If you want this repository to be a Redis repository, consider annotating your entities with one of these annotations: org.springframework.data.redis.core.RedisHash (preferred), or consider extending one of the following types with your repository: org.springframework.data.keyvalue.repository.KeyValueRepository
2026-06-24T14:51:06.255+09:00  INFO 66119 --- [sisibibi-api] [restartedMain] .RepositoryConfigurationExtensionSupport : Spring Data Redis - Could not safely identify store assignment for repository candidate interface com.sisibibi.api.domain.usersanction.repository.UserSanctionRepository; If you want this repository to be a Redis repository, consider annotating your entities with one of these annotations: org.springframework.data.redis.core.RedisHash (preferred), or consider extending one of the following types with your repository: org.springframework.data.keyvalue.repository.KeyValueRepository
2026-06-24T14:51:06.255+09:00  INFO 66119 --- [sisibibi-api] [restartedMain] .s.d.r.c.RepositoryConfigurationDelegate : Finished Spring Data repository scanning in 8 ms. Found 0 Redis repository interfaces.
2026-06-24T14:51:06.561+09:00  INFO 66119 --- [sisibibi-api] [restartedMain] o.s.b.w.embedded.tomcat.TomcatWebServer  : Tomcat initialized with port 8080 (http)
2026-06-24T14:51:06.572+09:00  INFO 66119 --- [sisibibi-api] [restartedMain] w.s.c.ServletWebServerApplicationContext : Root WebApplicationContext: initialization completed in 1237 ms
2026-06-24T14:51:06.720+09:00  INFO 66119 --- [sisibibi-api] [restartedMain] o.hibernate.jpa.internal.util.LogHelper  : HHH000204: Processing PersistenceUnitInfo [name: default]
2026-06-24T14:51:06.725+09:00  INFO 66119 --- [sisibibi-api] [restartedMain] o.h.c.internal.RegionFactoryInitiator    : HHH000026: Second-level cache disabled
2026-06-24T14:51:06.737+09:00  INFO 66119 --- [sisibibi-api] [restartedMain] o.s.o.j.p.SpringPersistenceUnitInfo      : No LoadTimeWeaver setup: ignoring JPA class transformer
2026-06-24T14:51:06.738+09:00  INFO 66119 --- [sisibibi-api] [restartedMain] com.zaxxer.hikari.HikariDataSource       : HikariPool-3 - Starting...
2026-06-24T14:51:06.772+09:00  INFO 66119 --- [sisibibi-api] [restartedMain] com.zaxxer.hikari.pool.HikariPool        : HikariPool-3 - Added connection com.mysql.cj.jdbc.ConnectionImpl@4896ede8
2026-06-24T14:51:06.772+09:00  INFO 66119 --- [sisibibi-api] [restartedMain] com.zaxxer.hikari.HikariDataSource       : HikariPool-3 - Start completed.
2026-06-24T14:51:06.774+09:00  INFO 66119 --- [sisibibi-api] [restartedMain] org.hibernate.orm.connections.pooling    : HHH10001005: Database info:
	Database JDBC URL [Connecting through datasource 'HikariDataSource (HikariPool-3)']
	Database driver: undefined/unknown
	Database version: 8.0.46
	Autocommit mode: undefined/unknown
	Isolation level: undefined/unknown
	Minimum pool size: undefined/unknown
	Maximum pool size: undefined/unknown
2026-06-24T14:51:06.956+09:00  INFO 66119 --- [sisibibi-api] [restartedMain] o.h.e.t.j.p.i.JtaPlatformInitiator       : HHH000489: No JTA platform available (set 'hibernate.transaction.jta.platform' to enable JTA platform integration)
2026-06-24T14:51:08.498+09:00  INFO 66119 --- [sisibibi-api] [restartedMain] j.LocalContainerEntityManagerFactoryBean : Initialized JPA EntityManagerFactory for persistence unit 'default'
2026-06-24T14:51:09.185+09:00  WARN 66119 --- [sisibibi-api] [restartedMain] JpaBaseConfiguration$JpaWebConfiguration : spring.jpa.open-in-view is enabled by default. Therefore, database queries may be performed during view rendering. Explicitly configure spring.jpa.open-in-view to disable this warning
2026-06-24T14:51:09.202+09:00  WARN 66119 --- [sisibibi-api] [restartedMain] .s.s.UserDetailsServiceAutoConfiguration : 

Using generated security password: 4709b5d8-0504-4afb-9b82-6070c4f08769

This generated password is for development use only. Your security configuration must be updated before running your application in production.

2026-06-24T14:51:09.203+09:00  INFO 66119 --- [sisibibi-api] [restartedMain] r$InitializeUserDetailsManagerConfigurer : Global AuthenticationManager configured with UserDetailsService bean with name inMemoryUserDetailsManager
2026-06-24T14:51:09.366+09:00  INFO 66119 --- [sisibibi-api] [restartedMain] o.s.b.a.e.web.EndpointLinksResolver      : Exposing 2 endpoints beneath base path '/actuator'
2026-06-24T14:51:09.891+09:00  INFO 66119 --- [sisibibi-api] [restartedMain] o.s.b.a.h2.H2ConsoleAutoConfiguration    : H2 console available at '/h2-console'. Database available at 'jdbc:mysql://localhost:23306/sisibibi?useSSL=false&allowPublicKeyRetrieval=true&serverTimezone=Asia/Seoul&characterEncoding=UTF-8'
2026-06-24T14:51:09.945+09:00  INFO 66119 --- [sisibibi-api] [restartedMain] o.s.b.d.a.OptionalLiveReloadServer       : LiveReload server is running on port 35729
2026-06-24T14:51:09.965+09:00  INFO 66119 --- [sisibibi-api] [restartedMain] o.s.m.s.b.SimpleBrokerMessageHandler     : Starting...
2026-06-24T14:51:09.965+09:00  INFO 66119 --- [sisibibi-api] [restartedMain] o.s.m.s.b.SimpleBrokerMessageHandler     : BrokerAvailabilityEvent[available=true, SimpleBrokerMessageHandler [org.springframework.messaging.simp.broker.DefaultSubscriptionRegistry@129f5ee5]]
2026-06-24T14:51:09.965+09:00  INFO 66119 --- [sisibibi-api] [restartedMain] o.s.m.s.b.SimpleBrokerMessageHandler     : Started.
2026-06-24T14:51:09.967+09:00  INFO 66119 --- [sisibibi-api] [restartedMain] o.s.b.w.embedded.tomcat.TomcatWebServer  : Tomcat started on port 8080 (http) with context path '/'
2026-06-24T14:51:09.973+09:00  INFO 66119 --- [sisibibi-api] [restartedMain] o.s.s.config.TaskSchedulerRouter         : More than one TaskScheduler bean exists within the context, and none is named 'taskScheduler'. Mark one of them as primary or name it 'taskScheduler' (possibly as an alias); or implement the SchedulingConfigurer interface and call ScheduledTaskRegistrar#setScheduler explicitly within the configureTasks() callback: [clientInboundChannelExecutor, clientOutboundChannelExecutor, messageBrokerTaskScheduler, webSocketHeartbeatTaskScheduler]
2026-06-24T14:51:09.974+09:00  INFO 66119 --- [sisibibi-api] [restartedMain] com.sisibibi.api.ApiApplication          : Started ApiApplication in 4.707 seconds (process running for 1412.726)
2026-06-24T14:51:10.138+09:00  INFO 66119 --- [sisibibi-api] [http-nio-8080-exec-1] o.s.web.servlet.DispatcherServlet        : Initializing Servlet 'dispatcherServlet'
2026-06-24T14:51:10.141+09:00  INFO 66119 --- [sisibibi-api] [http-nio-8080-exec-1] o.s.web.servlet.DispatcherServlet        : Completed initialization in 3 ms
2026-06-24T14:51:11.601+09:00  INFO 66119 --- [sisibibi-api] [restartedMain] c.s.a.g.config.LocalDataInitializer      : Local test data ready. userEmail=local-user@sisibibi.test, adminEmail=local-admin@sisibibi.test, password=test1234!, activeRoomId=1, emptyRoomId=2, closingRoomId=3, closedRoomId=4, userId=1, adminId=9
2026-06-24T14:51:11.608+09:00  INFO 66119 --- [sisibibi-api] [restartedMain] .ConditionEvaluationDeltaLoggingListener : Condition evaluation unchanged
2026-06-24T14:52:09.961+09:00  INFO 66119 --- [sisibibi-api] [MessageBroker-1] o.s.w.s.c.WebSocketMessageBrokerStats    : WebSocketSession[0 current WS(0)-HttpStream(0)-HttpPoll(0), 0 total, 0 closed abnormally (0 connect failure, 0 send limit, 0 transport error)], stompSubProtocol[processed CONNECT(0)-CONNECTED(0)-DISCONNECT(0)], stompBrokerRelay[null], inboundChannel[unknown], outboundChannel[unknown], sockJsScheduler[pool size = 1, active threads = 1, queued tasks = 0, completed tasks = 0]
2026-06-24T14:54:03.376+09:00  INFO 66119 --- [sisibibi-api] [SpringApplicationShutdownHook] o.s.b.w.e.tomcat.GracefulShutdown        : Commencing graceful shutdown. Waiting for active requests to complete
2026-06-24T14:54:03.386+09:00  INFO 66119 --- [sisibibi-api] [tomcat-shutdown] o.s.b.w.e.tomcat.GracefulShutdown        : Graceful shutdown complete
2026-06-24T14:54:03.396+09:00  INFO 66119 --- [sisibibi-api] [SpringApplicationShutdownHook] o.s.m.s.b.SimpleBrokerMessageHandler     : Stopping...
2026-06-24T14:54:03.398+09:00  INFO 66119 --- [sisibibi-api] [SpringApplicationShutdownHook] o.s.m.s.b.SimpleBrokerMessageHandler     : BrokerAvailabilityEvent[available=false, SimpleBrokerMessageHandler [org.springframework.messaging.simp.broker.DefaultSubscriptionRegistry@129f5ee5]]
2026-06-24T14:54:03.399+09:00  INFO 66119 --- [sisibibi-api] [SpringApplicationShutdownHook] o.s.m.s.b.SimpleBrokerMessageHandler     : Stopped.
2026-06-24T14:54:03.461+09:00  INFO 66119 --- [sisibibi-api] [SpringApplicationShutdownHook] j.LocalContainerEntityManagerFactoryBean : Closing JPA EntityManagerFactory for persistence unit 'default'
2026-06-24T14:54:03.475+09:00  INFO 66119 --- [sisibibi-api] [SpringApplicationShutdownHook] com.zaxxer.hikari.HikariDataSource       : HikariPool-3 - Shutdown initiated...
2026-06-24T14:54:03.480+09:00  INFO 66119 --- [sisibibi-api] [SpringApplicationShutdownHook] com.zaxxer.hikari.HikariDataSource       : HikariPool-3 - Shutdown completed.
2026-06-24T14:54:16.396+09:00  INFO 76600 --- [sisibibi-api] [restartedMain] com.sisibibi.api.ApiApplication          : Starting ApiApplication using Java 21.0.7 with PID 76600 (/Users/admin/programmers_final_project/backend/out/production/classes started by admin in /Users/admin/programmers_final_project)
2026-06-24T14:54:16.409+09:00  INFO 76600 --- [sisibibi-api] [restartedMain] com.sisibibi.api.ApiApplication          : The following 2 profiles are active: "local", "monitoring"
2026-06-24T14:54:16.730+09:00  INFO 76600 --- [sisibibi-api] [restartedMain] .e.DevToolsPropertyDefaultsPostProcessor : Devtools property defaults active! Set 'spring.devtools.add-properties' to 'false' to disable
2026-06-24T14:54:16.732+09:00  INFO 76600 --- [sisibibi-api] [restartedMain] .e.DevToolsPropertyDefaultsPostProcessor : For additional web related logging consider setting the 'logging.level.web' property to 'DEBUG'
2026-06-24T14:54:19.197+09:00  INFO 76600 --- [sisibibi-api] [restartedMain] .s.d.r.c.RepositoryConfigurationDelegate : Multiple Spring Data modules found, entering strict repository configuration mode
2026-06-24T14:54:19.199+09:00  INFO 76600 --- [sisibibi-api] [restartedMain] .s.d.r.c.RepositoryConfigurationDelegate : Bootstrapping Spring Data JPA repositories in DEFAULT mode.
2026-06-24T14:54:19.392+09:00  INFO 76600 --- [sisibibi-api] [restartedMain] .s.d.r.c.RepositoryConfigurationDelegate : Finished Spring Data repository scanning in 184 ms. Found 11 JPA repository interfaces.
2026-06-24T14:54:19.410+09:00  INFO 76600 --- [sisibibi-api] [restartedMain] .s.d.r.c.RepositoryConfigurationDelegate : Multiple Spring Data modules found, entering strict repository configuration mode
2026-06-24T14:54:19.412+09:00  INFO 76600 --- [sisibibi-api] [restartedMain] .s.d.r.c.RepositoryConfigurationDelegate : Bootstrapping Spring Data Redis repositories in DEFAULT mode.
2026-06-24T14:54:19.435+09:00  INFO 76600 --- [sisibibi-api] [restartedMain] .RepositoryConfigurationExtensionSupport : Spring Data Redis - Could not safely identify store assignment for repository candidate interface com.sisibibi.api.domain.chat.repository.ChatMessageRepository; If you want this repository to be a Redis repository, consider annotating your entities with one of these annotations: org.springframework.data.redis.core.RedisHash (preferred), or consider extending one of the following types with your repository: org.springframework.data.keyvalue.repository.KeyValueRepository
2026-06-24T14:54:19.436+09:00  INFO 76600 --- [sisibibi-api] [restartedMain] .RepositoryConfigurationExtensionSupport : Spring Data Redis - Could not safely identify store assignment for repository candidate interface com.sisibibi.api.domain.report.repository.AiReportRepository; If you want this repository to be a Redis repository, consider annotating your entities with one of these annotations: org.springframework.data.redis.core.RedisHash (preferred), or consider extending one of the following types with your repository: org.springframework.data.keyvalue.repository.KeyValueRepository
2026-06-24T14:54:19.436+09:00  INFO 76600 --- [sisibibi-api] [restartedMain] .RepositoryConfigurationExtensionSupport : Spring Data Redis - Could not safely identify store assignment for repository candidate interface com.sisibibi.api.domain.room.repository.RoomRepository; If you want this repository to be a Redis repository, consider annotating your entities with one of these annotations: org.springframework.data.redis.core.RedisHash (preferred), or consider extending one of the following types with your repository: org.springframework.data.keyvalue.repository.KeyValueRepository
2026-06-24T14:54:19.436+09:00  INFO 76600 --- [sisibibi-api] [restartedMain] .RepositoryConfigurationExtensionSupport : Spring Data Redis - Could not safely identify store assignment for repository candidate interface com.sisibibi.api.domain.roomparticipant.repository.RoomParticipantRepository; If you want this repository to be a Redis repository, consider annotating your entities with one of these annotations: org.springframework.data.redis.core.RedisHash (preferred), or consider extending one of the following types with your repository: org.springframework.data.keyvalue.repository.KeyValueRepository
2026-06-24T14:54:19.436+09:00  INFO 76600 --- [sisibibi-api] [restartedMain] .RepositoryConfigurationExtensionSupport : Spring Data Redis - Could not safely identify store assignment for repository candidate interface com.sisibibi.api.domain.speech.repository.SpeakingQueueRepository; If you want this repository to be a Redis repository, consider annotating your entities with one of these annotations: org.springframework.data.redis.core.RedisHash (preferred), or consider extending one of the following types with your repository: org.springframework.data.keyvalue.repository.KeyValueRepository
2026-06-24T14:54:19.436+09:00  INFO 76600 --- [sisibibi-api] [restartedMain] .RepositoryConfigurationExtensionSupport : Spring Data Redis - Could not safely identify store assignment for repository candidate interface com.sisibibi.api.domain.speech.repository.SpeechRepository; If you want this repository to be a Redis repository, consider annotating your entities with one of these annotations: org.springframework.data.redis.core.RedisHash (preferred), or consider extending one of the following types with your repository: org.springframework.data.keyvalue.repository.KeyValueRepository
2026-06-24T14:54:19.436+09:00  INFO 76600 --- [sisibibi-api] [restartedMain] .RepositoryConfigurationExtensionSupport : Spring Data Redis - Could not safely identify store assignment for repository candidate interface com.sisibibi.api.domain.speechreaction.repository.SpeechReactionRepository; If you want this repository to be a Redis repository, consider annotating your entities with one of these annotations: org.springframework.data.redis.core.RedisHash (preferred), or consider extending one of the following types with your repository: org.springframework.data.keyvalue.repository.KeyValueRepository
2026-06-24T14:54:19.436+09:00  INFO 76600 --- [sisibibi-api] [restartedMain] .RepositoryConfigurationExtensionSupport : Spring Data Redis - Could not safely identify store assignment for repository candidate interface com.sisibibi.api.domain.speechreport.repository.SpeechReportRepository; If you want this repository to be a Redis repository, consider annotating your entities with one of these annotations: org.springframework.data.redis.core.RedisHash (preferred), or consider extending one of the following types with your repository: org.springframework.data.keyvalue.repository.KeyValueRepository
2026-06-24T14:54:19.437+09:00  INFO 76600 --- [sisibibi-api] [restartedMain] .RepositoryConfigurationExtensionSupport : Spring Data Redis - Could not safely identify store assignment for repository candidate interface com.sisibibi.api.domain.topic.repository.TopicRepository; If you want this repository to be a Redis repository, consider annotating your entities with one of these annotations: org.springframework.data.redis.core.RedisHash (preferred), or consider extending one of the following types with your repository: org.springframework.data.keyvalue.repository.KeyValueRepository
2026-06-24T14:54:19.437+09:00  INFO 76600 --- [sisibibi-api] [restartedMain] .RepositoryConfigurationExtensionSupport : Spring Data Redis - Could not safely identify store assignment for repository candidate interface com.sisibibi.api.domain.user.repository.UserRepository; If you want this repository to be a Redis repository, consider annotating your entities with one of these annotations: org.springframework.data.redis.core.RedisHash (preferred), or consider extending one of the following types with your repository: org.springframework.data.keyvalue.repository.KeyValueRepository
2026-06-24T14:54:19.437+09:00  INFO 76600 --- [sisibibi-api] [restartedMain] .RepositoryConfigurationExtensionSupport : Spring Data Redis - Could not safely identify store assignment for repository candidate interface com.sisibibi.api.domain.usersanction.repository.UserSanctionRepository; If you want this repository to be a Redis repository, consider annotating your entities with one of these annotations: org.springframework.data.redis.core.RedisHash (preferred), or consider extending one of the following types with your repository: org.springframework.data.keyvalue.repository.KeyValueRepository
2026-06-24T14:54:19.437+09:00  INFO 76600 --- [sisibibi-api] [restartedMain] .s.d.r.c.RepositoryConfigurationDelegate : Finished Spring Data repository scanning in 16 ms. Found 0 Redis repository interfaces.
2026-06-24T14:54:21.189+09:00  INFO 76600 --- [sisibibi-api] [restartedMain] o.s.b.w.embedded.tomcat.TomcatWebServer  : Tomcat initialized with port 8080 (http)
2026-06-24T14:54:21.199+09:00  INFO 76600 --- [sisibibi-api] [restartedMain] o.apache.catalina.core.StandardService   : Starting service [Tomcat]
2026-06-24T14:54:21.200+09:00  INFO 76600 --- [sisibibi-api] [restartedMain] o.apache.catalina.core.StandardEngine    : Starting Servlet engine: [Apache Tomcat/10.1.53]
2026-06-24T14:54:21.240+09:00  INFO 76600 --- [sisibibi-api] [restartedMain] o.a.c.c.C.[Tomcat].[localhost].[/]       : Initializing Spring embedded WebApplicationContext
2026-06-24T14:54:21.240+09:00  INFO 76600 --- [sisibibi-api] [restartedMain] w.s.c.ServletWebServerApplicationContext : Root WebApplicationContext: initialization completed in 4502 ms
2026-06-24T14:54:21.585+09:00  INFO 76600 --- [sisibibi-api] [restartedMain] o.hibernate.jpa.internal.util.LogHelper  : HHH000204: Processing PersistenceUnitInfo [name: default]
2026-06-24T14:54:21.662+09:00  INFO 76600 --- [sisibibi-api] [restartedMain] org.hibernate.Version                    : HHH000412: Hibernate ORM core version 6.6.45.Final
2026-06-24T14:54:21.695+09:00  INFO 76600 --- [sisibibi-api] [restartedMain] o.h.c.internal.RegionFactoryInitiator    : HHH000026: Second-level cache disabled
2026-06-24T14:54:22.112+09:00  INFO 76600 --- [sisibibi-api] [restartedMain] o.s.o.j.p.SpringPersistenceUnitInfo      : No LoadTimeWeaver setup: ignoring JPA class transformer
2026-06-24T14:54:22.141+09:00  INFO 76600 --- [sisibibi-api] [restartedMain] com.zaxxer.hikari.HikariDataSource       : HikariPool-1 - Starting...
2026-06-24T14:54:22.577+09:00  INFO 76600 --- [sisibibi-api] [restartedMain] com.zaxxer.hikari.pool.HikariPool        : HikariPool-1 - Added connection com.mysql.cj.jdbc.ConnectionImpl@3805bebd
2026-06-24T14:54:22.578+09:00  INFO 76600 --- [sisibibi-api] [restartedMain] com.zaxxer.hikari.HikariDataSource       : HikariPool-1 - Start completed.
2026-06-24T14:54:22.702+09:00  INFO 76600 --- [sisibibi-api] [restartedMain] org.hibernate.orm.connections.pooling    : HHH10001005: Database info:
	Database JDBC URL [Connecting through datasource 'HikariDataSource (HikariPool-1)']
	Database driver: undefined/unknown
	Database version: 8.0.46
	Autocommit mode: undefined/unknown
	Isolation level: undefined/unknown
	Minimum pool size: undefined/unknown
	Maximum pool size: undefined/unknown
2026-06-24T14:54:24.870+09:00  INFO 76600 --- [sisibibi-api] [restartedMain] o.h.e.t.j.p.i.JtaPlatformInitiator       : HHH000489: No JTA platform available (set 'hibernate.transaction.jta.platform' to enable JTA platform integration)
2026-06-24T14:54:26.713+09:00  INFO 76600 --- [sisibibi-api] [restartedMain] j.LocalContainerEntityManagerFactoryBean : Initialized JPA EntityManagerFactory for persistence unit 'default'
2026-06-24T14:54:27.173+09:00  INFO 76600 --- [sisibibi-api] [restartedMain] o.s.d.j.r.query.QueryEnhancerFactory     : Hibernate is in classpath; If applicable, HQL parser will be used.
2026-06-24T14:54:32.023+09:00  WARN 76600 --- [sisibibi-api] [restartedMain] JpaBaseConfiguration$JpaWebConfiguration : spring.jpa.open-in-view is enabled by default. Therefore, database queries may be performed during view rendering. Explicitly configure spring.jpa.open-in-view to disable this warning
2026-06-24T14:54:32.063+09:00  WARN 76600 --- [sisibibi-api] [restartedMain] .s.s.UserDetailsServiceAutoConfiguration : 

Using generated security password: ac1cb4a7-3003-44b5-8d9e-a482a91233f6

This generated password is for development use only. Your security configuration must be updated before running your application in production.

2026-06-24T14:54:32.072+09:00  INFO 76600 --- [sisibibi-api] [restartedMain] r$InitializeUserDetailsManagerConfigurer : Global AuthenticationManager configured with UserDetailsService bean with name inMemoryUserDetailsManager
2026-06-24T14:54:32.444+09:00  INFO 76600 --- [sisibibi-api] [restartedMain] o.s.b.a.e.web.EndpointLinksResolver      : Exposing 2 endpoints beneath base path '/actuator'
2026-06-24T14:54:33.238+09:00  INFO 76600 --- [sisibibi-api] [restartedMain] o.s.b.a.h2.H2ConsoleAutoConfiguration    : H2 console available at '/h2-console'. Database available at 'jdbc:mysql://localhost:23306/sisibibi?useSSL=false&allowPublicKeyRetrieval=true&serverTimezone=Asia/Seoul&characterEncoding=UTF-8'
2026-06-24T14:54:33.390+09:00  INFO 76600 --- [sisibibi-api] [restartedMain] o.s.b.d.a.OptionalLiveReloadServer       : LiveReload server is running on port 35729
2026-06-24T14:54:33.640+09:00  INFO 76600 --- [sisibibi-api] [restartedMain] o.s.m.s.b.SimpleBrokerMessageHandler     : Starting...
2026-06-24T14:54:33.641+09:00  INFO 76600 --- [sisibibi-api] [restartedMain] o.s.m.s.b.SimpleBrokerMessageHandler     : BrokerAvailabilityEvent[available=true, SimpleBrokerMessageHandler [org.springframework.messaging.simp.broker.DefaultSubscriptionRegistry@65f97e94]]
2026-06-24T14:54:33.659+09:00  INFO 76600 --- [sisibibi-api] [restartedMain] o.s.m.s.b.SimpleBrokerMessageHandler     : Started.
2026-06-24T14:54:33.678+09:00  INFO 76600 --- [sisibibi-api] [restartedMain] o.s.b.w.embedded.tomcat.TomcatWebServer  : Tomcat started on port 8080 (http) with context path '/'
2026-06-24T14:54:33.699+09:00  INFO 76600 --- [sisibibi-api] [restartedMain] o.s.s.config.TaskSchedulerRouter         : More than one TaskScheduler bean exists within the context, and none is named 'taskScheduler'. Mark one of them as primary or name it 'taskScheduler' (possibly as an alias); or implement the SchedulingConfigurer interface and call ScheduledTaskRegistrar#setScheduler explicitly within the configureTasks() callback: [clientInboundChannelExecutor, clientOutboundChannelExecutor, messageBrokerTaskScheduler, webSocketHeartbeatTaskScheduler]
2026-06-24T14:54:33.705+09:00  INFO 76600 --- [sisibibi-api] [restartedMain] com.sisibibi.api.ApiApplication          : Started ApiApplication in 18.269 seconds (process running for 20.054)
2026-06-24T14:54:35.262+09:00  INFO 76600 --- [sisibibi-api] [http-nio-8080-exec-1] o.a.c.c.C.[Tomcat].[localhost].[/]       : Initializing Spring DispatcherServlet 'dispatcherServlet'
2026-06-24T14:54:35.263+09:00  INFO 76600 --- [sisibibi-api] [http-nio-8080-exec-1] o.s.web.servlet.DispatcherServlet        : Initializing Servlet 'dispatcherServlet'
2026-06-24T14:54:35.273+09:00  INFO 76600 --- [sisibibi-api] [http-nio-8080-exec-1] o.s.web.servlet.DispatcherServlet        : Completed initialization in 10 ms
2026-06-24T14:54:36.908+09:00  INFO 76600 --- [sisibibi-api] [restartedMain] c.s.a.g.config.LocalDataInitializer      : Local test data ready. userEmail=local-user@sisibibi.test, adminEmail=local-admin@sisibibi.test, password=test1234!, activeRoomId=1, emptyRoomId=2, closingRoomId=3, closedRoomId=4, userId=1, adminId=9
2026-06-24T14:55:33.585+09:00  INFO 76600 --- [sisibibi-api] [MessageBroker-1] o.s.w.s.c.WebSocketMessageBrokerStats    : WebSocketSession[0 current WS(0)-HttpStream(0)-HttpPoll(0), 0 total, 0 closed abnormally (0 connect failure, 0 send limit, 0 transport error)], stompSubProtocol[processed CONNECT(0)-CONNECTED(0)-DISCONNECT(0)], stompBrokerRelay[null], inboundChannel[unknown], outboundChannel[unknown], sockJsScheduler[pool size = 1, active threads = 1, queued tasks = 0, completed tasks = 0]
2026-06-24T14:57:50.784+09:00  INFO 76600 --- [sisibibi-api] [http-nio-8080-exec-43] c.s.a.d.s.service.SpeakingQueueService   : Speaking request created. roomId=990001, userId=990064, queueOrder=1, status=WAITING
2026-06-24T14:57:50.791+09:00  INFO 76600 --- [sisibibi-api] [http-nio-8080-exec-27] c.s.a.d.s.service.SpeakingQueueService   : Speaking request created. roomId=990001, userId=990026, queueOrder=2, status=WAITING
2026-06-24T14:57:50.823+09:00  INFO 76600 --- [sisibibi-api] [http-nio-8080-exec-16] c.s.a.d.s.service.SpeakingQueueService   : Speaking request created. roomId=990001, userId=990037, queueOrder=3, status=WAITING
2026-06-24T14:57:50.840+09:00  INFO 76600 --- [sisibibi-api] [http-nio-8080-exec-45] c.s.a.d.s.service.SpeakingQueueService   : Speaking request created. roomId=990001, userId=990100, queueOrder=4, status=WAITING
2026-06-24T14:57:50.856+09:00  INFO 76600 --- [sisibibi-api] [http-nio-8080-exec-97] c.s.a.d.s.service.SpeakingQueueService   : Speaking request created. roomId=990001, userId=990080, queueOrder=5, status=WAITING
2026-06-24T14:57:50.873+09:00  INFO 76600 --- [sisibibi-api] [http-nio-8080-exec-87] c.s.a.d.s.service.SpeakingQueueService   : Speaking request created. roomId=990001, userId=990052, queueOrder=6, status=WAITING
2026-06-24T14:57:50.885+09:00  INFO 76600 --- [sisibibi-api] [http-nio-8080-exec-41] c.s.a.d.s.service.SpeakingQueueService   : Speaking request created. roomId=990001, userId=990090, queueOrder=7, status=WAITING
2026-06-24T14:57:50.893+09:00  INFO 76600 --- [sisibibi-api] [http-nio-8080-exec-9] c.s.a.d.s.service.SpeakingQueueService   : Speaking request created. roomId=990001, userId=990027, queueOrder=8, status=WAITING
2026-06-24T14:57:50.908+09:00  INFO 76600 --- [sisibibi-api] [http-nio-8080-exec-2] c.s.a.d.s.service.SpeakingQueueService   : Speaking request created. roomId=990001, userId=990003, queueOrder=9, status=WAITING
2026-06-24T14:57:50.918+09:00  INFO 76600 --- [sisibibi-api] [http-nio-8080-exec-14] c.s.a.d.s.service.SpeakingQueueService   : Speaking request created. roomId=990001, userId=990086, queueOrder=10, status=WAITING
2026-06-24T14:57:50.933+09:00  INFO 76600 --- [sisibibi-api] [http-nio-8080-exec-43] c.s.a.d.s.service.SpeakingQueueService   : Speaking request assigned. roomId=990001, userId=990064, queueOrder=1, expiresAt=2026-06-24T15:00:50.792488
2026-06-24T14:57:51.046+09:00  INFO 76600 --- [sisibibi-api] [http-nio-8080-exec-46] c.s.a.d.s.service.SpeakingQueueService   : Speaking request created. roomId=990001, userId=990009, queueOrder=11, status=WAITING
2026-06-24T14:57:51.061+09:00  INFO 76600 --- [sisibibi-api] [http-nio-8080-exec-42] c.s.a.d.s.service.SpeakingQueueService   : Speaking request created. roomId=990001, userId=990070, queueOrder=12, status=WAITING
2026-06-24T14:57:51.076+09:00  INFO 76600 --- [sisibibi-api] [http-nio-8080-exec-48] c.s.a.d.s.service.SpeakingQueueService   : Speaking request created. roomId=990001, userId=990060, queueOrder=13, status=WAITING
2026-06-24T14:57:51.085+09:00  INFO 76600 --- [sisibibi-api] [http-nio-8080-exec-98] c.s.a.d.s.service.SpeakingQueueService   : Speaking request created. roomId=990001, userId=990081, queueOrder=14, status=WAITING
2026-06-24T14:57:51.096+09:00  INFO 76600 --- [sisibibi-api] [http-nio-8080-exec-58] c.s.a.d.s.service.SpeakingQueueService   : Speaking request created. roomId=990001, userId=990071, queueOrder=15, status=WAITING
2026-06-24T14:57:51.101+09:00  INFO 76600 --- [sisibibi-api] [http-nio-8080-exec-99] c.s.a.d.s.service.SpeakingQueueService   : Speaking request created. roomId=990001, userId=990061, queueOrder=16, status=WAITING
2026-06-24T14:57:51.109+09:00  INFO 76600 --- [sisibibi-api] [http-nio-8080-exec-57] c.s.a.d.s.service.SpeakingQueueService   : Speaking request created. roomId=990001, userId=990048, queueOrder=17, status=WAITING
2026-06-24T14:57:51.117+09:00  INFO 76600 --- [sisibibi-api] [http-nio-8080-exec-65] c.s.a.d.s.service.SpeakingQueueService   : Speaking request created. roomId=990001, userId=990054, queueOrder=18, status=WAITING
2026-06-24T14:57:51.128+09:00  INFO 76600 --- [sisibibi-api] [http-nio-8080-exec-61] c.s.a.d.s.service.SpeakingQueueService   : Speaking request created. roomId=990001, userId=990038, queueOrder=19, status=WAITING
2026-06-24T14:57:51.135+09:00  INFO 76600 --- [sisibibi-api] [http-nio-8080-exec-92] c.s.a.d.s.service.SpeakingQueueService   : Speaking request created. roomId=990001, userId=990011, queueOrder=20, status=WAITING
2026-06-24T14:57:51.179+09:00  INFO 76600 --- [sisibibi-api] [http-nio-8080-exec-22] c.s.a.d.s.service.SpeakingQueueService   : Speaking request created. roomId=990001, userId=990096, queueOrder=21, status=WAITING
2026-06-24T14:57:51.194+09:00  INFO 76600 --- [sisibibi-api] [http-nio-8080-exec-36] c.s.a.d.s.service.SpeakingQueueService   : Speaking request created. roomId=990001, userId=990077, queueOrder=22, status=WAITING
2026-06-24T14:57:51.207+09:00  INFO 76600 --- [sisibibi-api] [http-nio-8080-exec-34] c.s.a.d.s.service.SpeakingQueueService   : Speaking request created. roomId=990001, userId=990058, queueOrder=23, status=WAITING
2026-06-24T14:57:51.214+09:00  INFO 76600 --- [sisibibi-api] [http-nio-8080-exec-95] c.s.a.d.s.service.SpeakingQueueService   : Speaking request created. roomId=990001, userId=990094, queueOrder=24, status=WAITING
2026-06-24T14:57:51.221+09:00  INFO 76600 --- [sisibibi-api] [http-nio-8080-exec-73] c.s.a.d.s.service.SpeakingQueueService   : Speaking request created. roomId=990001, userId=990007, queueOrder=25, status=WAITING
2026-06-24T14:57:51.228+09:00  INFO 76600 --- [sisibibi-api] [http-nio-8080-exec-70] c.s.a.d.s.service.SpeakingQueueService   : Speaking request created. roomId=990001, userId=990050, queueOrder=26, status=WAITING
2026-06-24T14:57:51.240+09:00  INFO 76600 --- [sisibibi-api] [http-nio-8080-exec-85] c.s.a.d.s.service.SpeakingQueueService   : Speaking request created. roomId=990001, userId=990010, queueOrder=27, status=WAITING
2026-06-24T14:57:51.247+09:00  INFO 76600 --- [sisibibi-api] [http-nio-8080-exec-13] c.s.a.d.s.service.SpeakingQueueService   : Speaking request created. roomId=990001, userId=990088, queueOrder=28, status=WAITING
2026-06-24T14:57:51.254+09:00  INFO 76600 --- [sisibibi-api] [http-nio-8080-exec-37] c.s.a.d.s.service.SpeakingQueueService   : Speaking request created. roomId=990001, userId=990045, queueOrder=29, status=WAITING
2026-06-24T14:57:51.261+09:00  INFO 76600 --- [sisibibi-api] [http-nio-8080-exec-29] c.s.a.d.s.service.SpeakingQueueService   : Speaking request created. roomId=990001, userId=990039, queueOrder=30, status=WAITING
2026-06-24T14:57:51.289+09:00  INFO 76600 --- [sisibibi-api] [http-nio-8080-exec-88] c.s.a.d.s.service.SpeakingQueueService   : Speaking request created. roomId=990001, userId=990043, queueOrder=31, status=WAITING
2026-06-24T14:57:51.295+09:00  INFO 76600 --- [sisibibi-api] [http-nio-8080-exec-21] c.s.a.d.s.service.SpeakingQueueService   : Speaking request created. roomId=990001, userId=990036, queueOrder=32, status=WAITING
2026-06-24T14:57:51.304+09:00  INFO 76600 --- [sisibibi-api] [http-nio-8080-exec-84] c.s.a.d.s.service.SpeakingQueueService   : Speaking request created. roomId=990001, userId=990005, queueOrder=33, status=WAITING
2026-06-24T14:57:51.309+09:00  INFO 76600 --- [sisibibi-api] [http-nio-8080-exec-59] c.s.a.d.s.service.SpeakingQueueService   : Speaking request created. roomId=990001, userId=990097, queueOrder=34, status=WAITING
2026-06-24T14:57:51.316+09:00  INFO 76600 --- [sisibibi-api] [http-nio-8080-exec-64] c.s.a.d.s.service.SpeakingQueueService   : Speaking request created. roomId=990001, userId=990057, queueOrder=35, status=WAITING
2026-06-24T14:57:51.322+09:00  INFO 76600 --- [sisibibi-api] [http-nio-8080-exec-53] c.s.a.d.s.service.SpeakingQueueService   : Speaking request created. roomId=990001, userId=990092, queueOrder=36, status=WAITING
2026-06-24T14:57:51.328+09:00  INFO 76600 --- [sisibibi-api] [http-nio-8080-exec-4] c.s.a.d.s.service.SpeakingQueueService   : Speaking request created. roomId=990001, userId=990098, queueOrder=37, status=WAITING
2026-06-24T14:57:51.334+09:00  INFO 76600 --- [sisibibi-api] [http-nio-8080-exec-93] c.s.a.d.s.service.SpeakingQueueService   : Speaking request created. roomId=990001, userId=990087, queueOrder=38, status=WAITING
2026-06-24T14:57:51.340+09:00  INFO 76600 --- [sisibibi-api] [http-nio-8080-exec-30] c.s.a.d.s.service.SpeakingQueueService   : Speaking request created. roomId=990001, userId=990021, queueOrder=39, status=WAITING
2026-06-24T14:57:51.348+09:00  INFO 76600 --- [sisibibi-api] [http-nio-8080-exec-69] c.s.a.d.s.service.SpeakingQueueService   : Speaking request created. roomId=990001, userId=990046, queueOrder=40, status=WAITING
2026-06-24T14:57:51.377+09:00  INFO 76600 --- [sisibibi-api] [http-nio-8080-exec-60] c.s.a.d.s.service.SpeakingQueueService   : Speaking request created. roomId=990001, userId=990006, queueOrder=41, status=WAITING
2026-06-24T14:57:51.383+09:00  INFO 76600 --- [sisibibi-api] [http-nio-8080-exec-66] c.s.a.d.s.service.SpeakingQueueService   : Speaking request created. roomId=990001, userId=990062, queueOrder=42, status=WAITING
2026-06-24T14:57:51.391+09:00  INFO 76600 --- [sisibibi-api] [http-nio-8080-exec-72] c.s.a.d.s.service.SpeakingQueueService   : Speaking request created. roomId=990001, userId=990095, queueOrder=43, status=WAITING
2026-06-24T14:57:51.402+09:00  INFO 76600 --- [sisibibi-api] [http-nio-8080-exec-7] c.s.a.d.s.service.SpeakingQueueService   : Speaking request created. roomId=990001, userId=990024, queueOrder=44, status=WAITING
2026-06-24T14:57:51.411+09:00  INFO 76600 --- [sisibibi-api] [http-nio-8080-exec-62] c.s.a.d.s.service.SpeakingQueueService   : Speaking request created. roomId=990001, userId=990099, queueOrder=45, status=WAITING
2026-06-24T14:57:51.419+09:00  INFO 76600 --- [sisibibi-api] [http-nio-8080-exec-75] c.s.a.d.s.service.SpeakingQueueService   : Speaking request created. roomId=990001, userId=990083, queueOrder=46, status=WAITING
2026-06-24T14:57:51.426+09:00  INFO 76600 --- [sisibibi-api] [http-nio-8080-exec-31] c.s.a.d.s.service.SpeakingQueueService   : Speaking request created. roomId=990001, userId=990053, queueOrder=47, status=WAITING
2026-06-24T14:57:51.434+09:00  INFO 76600 --- [sisibibi-api] [http-nio-8080-exec-32] c.s.a.d.s.service.SpeakingQueueService   : Speaking request created. roomId=990001, userId=990069, queueOrder=48, status=WAITING
2026-06-24T14:57:51.441+09:00  INFO 76600 --- [sisibibi-api] [http-nio-8080-exec-91] c.s.a.d.s.service.SpeakingQueueService   : Speaking request created. roomId=990001, userId=990002, queueOrder=49, status=WAITING
2026-06-24T14:57:51.449+09:00  INFO 76600 --- [sisibibi-api] [http-nio-8080-exec-96] c.s.a.d.s.service.SpeakingQueueService   : Speaking request created. roomId=990001, userId=990085, queueOrder=50, status=WAITING
2026-06-24T14:57:51.562+09:00  INFO 76600 --- [sisibibi-api] [http-nio-8080-exec-80] c.s.a.d.s.service.SpeakingQueueService   : Speaking request created. roomId=990001, userId=990035, queueOrder=51, status=WAITING
2026-06-24T14:57:51.578+09:00  INFO 76600 --- [sisibibi-api] [http-nio-8080-exec-33] c.s.a.d.s.service.SpeakingQueueService   : Speaking request created. roomId=990001, userId=990063, queueOrder=52, status=WAITING
2026-06-24T14:57:51.588+09:00  INFO 76600 --- [sisibibi-api] [http-nio-8080-exec-24] c.s.a.d.s.service.SpeakingQueueService   : Speaking request created. roomId=990001, userId=990013, queueOrder=53, status=WAITING
2026-06-24T14:57:51.598+09:00  INFO 76600 --- [sisibibi-api] [http-nio-8080-exec-82] c.s.a.d.s.service.SpeakingQueueService   : Speaking request created. roomId=990001, userId=990073, queueOrder=54, status=WAITING
2026-06-24T14:57:51.608+09:00  INFO 76600 --- [sisibibi-api] [http-nio-8080-exec-28] c.s.a.d.s.service.SpeakingQueueService   : Speaking request created. roomId=990001, userId=990015, queueOrder=55, status=WAITING
2026-06-24T14:57:51.619+09:00  INFO 76600 --- [sisibibi-api] [http-nio-8080-exec-78] c.s.a.d.s.service.SpeakingQueueService   : Speaking request created. roomId=990001, userId=990084, queueOrder=56, status=WAITING
2026-06-24T14:57:51.628+09:00  INFO 76600 --- [sisibibi-api] [http-nio-8080-exec-76] c.s.a.d.s.service.SpeakingQueueService   : Speaking request created. roomId=990001, userId=990018, queueOrder=57, status=WAITING
2026-06-24T14:57:51.641+09:00  INFO 76600 --- [sisibibi-api] [http-nio-8080-exec-55] c.s.a.d.s.service.SpeakingQueueService   : Speaking request created. roomId=990001, userId=990078, queueOrder=58, status=WAITING
2026-06-24T14:57:51.663+09:00  INFO 76600 --- [sisibibi-api] [http-nio-8080-exec-17] c.s.a.d.s.service.SpeakingQueueService   : Speaking request created. roomId=990001, userId=990012, queueOrder=59, status=WAITING
2026-06-24T14:57:51.672+09:00  INFO 76600 --- [sisibibi-api] [http-nio-8080-exec-50] c.s.a.d.s.service.SpeakingQueueService   : Speaking request created. roomId=990001, userId=990074, queueOrder=60, status=WAITING
2026-06-24T14:57:51.857+09:00  INFO 76600 --- [sisibibi-api] [http-nio-8080-exec-15] c.s.a.d.s.service.SpeakingQueueService   : Speaking request created. roomId=990001, userId=990049, queueOrder=61, status=WAITING
2026-06-24T14:57:51.874+09:00  INFO 76600 --- [sisibibi-api] [http-nio-8080-exec-19] c.s.a.d.s.service.SpeakingQueueService   : Speaking request created. roomId=990001, userId=990065, queueOrder=62, status=WAITING
2026-06-24T14:57:51.897+09:00  INFO 76600 --- [sisibibi-api] [http-nio-8080-exec-38] c.s.a.d.s.service.SpeakingQueueService   : Speaking request created. roomId=990001, userId=990055, queueOrder=63, status=WAITING
2026-06-24T14:57:51.909+09:00  INFO 76600 --- [sisibibi-api] [http-nio-8080-exec-11] c.s.a.d.s.service.SpeakingQueueService   : Speaking request created. roomId=990001, userId=990001, queueOrder=64, status=WAITING
2026-06-24T14:57:51.919+09:00  INFO 76600 --- [sisibibi-api] [http-nio-8080-exec-90] c.s.a.d.s.service.SpeakingQueueService   : Speaking request created. roomId=990001, userId=990004, queueOrder=65, status=WAITING
2026-06-24T14:57:51.933+09:00  INFO 76600 --- [sisibibi-api] [http-nio-8080-exec-5] c.s.a.d.s.service.SpeakingQueueService   : Speaking request created. roomId=990001, userId=990020, queueOrder=66, status=WAITING
2026-06-24T14:57:51.939+09:00  INFO 76600 --- [sisibibi-api] [http-nio-8080-exec-49] c.s.a.d.s.service.SpeakingQueueService   : Speaking request created. roomId=990001, userId=990014, queueOrder=67, status=WAITING
2026-06-24T14:57:51.945+09:00  INFO 76600 --- [sisibibi-api] [http-nio-8080-exec-54] c.s.a.d.s.service.SpeakingQueueService   : Speaking request created. roomId=990001, userId=990042, queueOrder=68, status=WAITING
2026-06-24T14:57:51.950+09:00  INFO 76600 --- [sisibibi-api] [http-nio-8080-exec-47] c.s.a.d.s.service.SpeakingQueueService   : Speaking request created. roomId=990001, userId=990025, queueOrder=69, status=WAITING
2026-06-24T14:57:51.955+09:00  INFO 76600 --- [sisibibi-api] [http-nio-8080-exec-100] c.s.a.d.s.service.SpeakingQueueService   : Speaking request created. roomId=990001, userId=990082, queueOrder=70, status=WAITING
2026-06-24T14:57:51.976+09:00  INFO 76600 --- [sisibibi-api] [http-nio-8080-exec-44] c.s.a.d.s.service.SpeakingQueueService   : Speaking request created. roomId=990001, userId=990044, queueOrder=71, status=WAITING
2026-06-24T14:57:51.982+09:00  INFO 76600 --- [sisibibi-api] [http-nio-8080-exec-51] c.s.a.d.s.service.SpeakingQueueService   : Speaking request created. roomId=990001, userId=990093, queueOrder=72, status=WAITING
2026-06-24T14:57:51.987+09:00  INFO 76600 --- [sisibibi-api] [http-nio-8080-exec-23] c.s.a.d.s.service.SpeakingQueueService   : Speaking request created. roomId=990001, userId=990068, queueOrder=73, status=WAITING
2026-06-24T14:57:51.994+09:00  INFO 76600 --- [sisibibi-api] [http-nio-8080-exec-1] c.s.a.d.s.service.SpeakingQueueService   : Speaking request created. roomId=990001, userId=990016, queueOrder=74, status=WAITING
2026-06-24T14:57:52.001+09:00  INFO 76600 --- [sisibibi-api] [http-nio-8080-exec-89] c.s.a.d.s.service.SpeakingQueueService   : Speaking request created. roomId=990001, userId=990091, queueOrder=75, status=WAITING
2026-06-24T14:57:52.006+09:00  INFO 76600 --- [sisibibi-api] [http-nio-8080-exec-25] c.s.a.d.s.service.SpeakingQueueService   : Speaking request created. roomId=990001, userId=990019, queueOrder=76, status=WAITING
2026-06-24T14:57:52.012+09:00  INFO 76600 --- [sisibibi-api] [http-nio-8080-exec-83] c.s.a.d.s.service.SpeakingQueueService   : Speaking request created. roomId=990001, userId=990059, queueOrder=77, status=WAITING
2026-06-24T14:57:52.018+09:00  INFO 76600 --- [sisibibi-api] [http-nio-8080-exec-56] c.s.a.d.s.service.SpeakingQueueService   : Speaking request created. roomId=990001, userId=990041, queueOrder=78, status=WAITING
2026-06-24T14:57:52.025+09:00  INFO 76600 --- [sisibibi-api] [http-nio-8080-exec-39] c.s.a.d.s.service.SpeakingQueueService   : Speaking request created. roomId=990001, userId=990033, queueOrder=79, status=WAITING
2026-06-24T14:57:52.034+09:00  INFO 76600 --- [sisibibi-api] [http-nio-8080-exec-67] c.s.a.d.s.service.SpeakingQueueService   : Speaking request created. roomId=990001, userId=990056, queueOrder=80, status=WAITING
2026-06-24T14:57:52.072+09:00  INFO 76600 --- [sisibibi-api] [http-nio-8080-exec-10] c.s.a.d.s.service.SpeakingQueueService   : Speaking request created. roomId=990001, userId=990017, queueOrder=81, status=WAITING
2026-06-24T14:57:52.078+09:00  INFO 76600 --- [sisibibi-api] [http-nio-8080-exec-6] c.s.a.d.s.service.SpeakingQueueService   : Speaking request created. roomId=990001, userId=990030, queueOrder=82, status=WAITING
2026-06-24T14:57:52.084+09:00  INFO 76600 --- [sisibibi-api] [http-nio-8080-exec-8] c.s.a.d.s.service.SpeakingQueueService   : Speaking request created. roomId=990001, userId=990047, queueOrder=83, status=WAITING
2026-06-24T14:57:52.089+09:00  INFO 76600 --- [sisibibi-api] [http-nio-8080-exec-71] c.s.a.d.s.service.SpeakingQueueService   : Speaking request created. roomId=990001, userId=990076, queueOrder=84, status=WAITING
2026-06-24T14:57:52.096+09:00  INFO 76600 --- [sisibibi-api] [http-nio-8080-exec-77] c.s.a.d.s.service.SpeakingQueueService   : Speaking request created. roomId=990001, userId=990075, queueOrder=85, status=WAITING
2026-06-24T14:57:52.101+09:00  INFO 76600 --- [sisibibi-api] [http-nio-8080-exec-3] c.s.a.d.s.service.SpeakingQueueService   : Speaking request created. roomId=990001, userId=990031, queueOrder=86, status=WAITING
2026-06-24T14:57:52.107+09:00  INFO 76600 --- [sisibibi-api] [http-nio-8080-exec-94] c.s.a.d.s.service.SpeakingQueueService   : Speaking request created. roomId=990001, userId=990067, queueOrder=87, status=WAITING
2026-06-24T14:57:52.112+09:00  INFO 76600 --- [sisibibi-api] [http-nio-8080-exec-12] c.s.a.d.s.service.SpeakingQueueService   : Speaking request created. roomId=990001, userId=990032, queueOrder=88, status=WAITING
2026-06-24T14:57:52.123+09:00  INFO 76600 --- [sisibibi-api] [http-nio-8080-exec-40] c.s.a.d.s.service.SpeakingQueueService   : Speaking request created. roomId=990001, userId=990023, queueOrder=89, status=WAITING
2026-06-24T14:57:52.129+09:00  INFO 76600 --- [sisibibi-api] [http-nio-8080-exec-52] c.s.a.d.s.service.SpeakingQueueService   : Speaking request created. roomId=990001, userId=990034, queueOrder=90, status=WAITING
2026-06-24T14:57:52.154+09:00  INFO 76600 --- [sisibibi-api] [http-nio-8080-exec-81] c.s.a.d.s.service.SpeakingQueueService   : Speaking request created. roomId=990001, userId=990051, queueOrder=91, status=WAITING
2026-06-24T14:57:52.161+09:00  INFO 76600 --- [sisibibi-api] [http-nio-8080-exec-35] c.s.a.d.s.service.SpeakingQueueService   : Speaking request created. roomId=990001, userId=990072, queueOrder=92, status=WAITING
2026-06-24T14:57:52.168+09:00  INFO 76600 --- [sisibibi-api] [http-nio-8080-exec-68] c.s.a.d.s.service.SpeakingQueueService   : Speaking request created. roomId=990001, userId=990066, queueOrder=93, status=WAITING
2026-06-24T14:57:52.173+09:00  INFO 76600 --- [sisibibi-api] [http-nio-8080-exec-20] c.s.a.d.s.service.SpeakingQueueService   : Speaking request created. roomId=990001, userId=990008, queueOrder=94, status=WAITING
2026-06-24T14:57:52.179+09:00  INFO 76600 --- [sisibibi-api] [http-nio-8080-exec-79] c.s.a.d.s.service.SpeakingQueueService   : Speaking request created. roomId=990001, userId=990089, queueOrder=95, status=WAITING
2026-06-24T14:57:52.185+09:00  INFO 76600 --- [sisibibi-api] [http-nio-8080-exec-86] c.s.a.d.s.service.SpeakingQueueService   : Speaking request created. roomId=990001, userId=990029, queueOrder=96, status=WAITING
2026-06-24T14:57:52.190+09:00  INFO 76600 --- [sisibibi-api] [http-nio-8080-exec-74] c.s.a.d.s.service.SpeakingQueueService   : Speaking request created. roomId=990001, userId=990040, queueOrder=97, status=WAITING
2026-06-24T14:57:52.195+09:00  INFO 76600 --- [sisibibi-api] [http-nio-8080-exec-63] c.s.a.d.s.service.SpeakingQueueService   : Speaking request created. roomId=990001, userId=990079, queueOrder=98, status=WAITING
2026-06-24T14:57:52.201+09:00  INFO 76600 --- [sisibibi-api] [http-nio-8080-exec-18] c.s.a.d.s.service.SpeakingQueueService   : Speaking request created. roomId=990001, userId=990028, queueOrder=99, status=WAITING
2026-06-24T14:57:52.206+09:00  INFO 76600 --- [sisibibi-api] [http-nio-8080-exec-26] c.s.a.d.s.service.SpeakingQueueService   : Speaking request created. roomId=990001, userId=990022, queueOrder=100, status=WAITING
2026-06-24T14:58:36.471+09:00  INFO 76600 --- [sisibibi-api] [pool-4-thread-1] c.s.a.d.s.service.SpeakingQueueService   : Speaking request expired. roomId=1, userId=3, queueOrder=1, expiredAt=2026-06-24T14:58:36.259459
2026-06-24T14:58:36.517+09:00  INFO 76600 --- [sisibibi-api] [pool-4-thread-1] c.s.a.d.s.service.SpeakingQueueService   : Speaking request assigned. roomId=1, userId=5, queueOrder=2, expiresAt=2026-06-24T15:01:36.475345
2026-06-24T15:00:51.845+09:00  INFO 76600 --- [sisibibi-api] [pool-4-thread-1] c.s.a.d.s.service.SpeakingQueueService   : Speaking request expired. roomId=990001, userId=990064, queueOrder=1, expiredAt=2026-06-24T15:00:51.790562
2026-06-24T15:00:51.863+09:00  INFO 76600 --- [sisibibi-api] [pool-4-thread-1] c.s.a.d.s.service.SpeakingQueueService   : Speaking request assigned. roomId=990001, userId=990026, queueOrder=2, expiresAt=2026-06-24T15:03:51.847322
2026-06-24T15:01:36.508+09:00  INFO 76600 --- [sisibibi-api] [pool-4-thread-1] c.s.a.d.s.service.SpeakingQueueService   : Speaking request expired. roomId=1, userId=5, queueOrder=2, expiredAt=2026-06-24T15:01:36.481198
2026-06-24T15:01:36.521+09:00  INFO 76600 --- [sisibibi-api] [pool-4-thread-1] c.s.a.d.s.service.SpeakingQueueService   : Speaking request assigned. roomId=1, userId=6, queueOrder=3, expiresAt=2026-06-24T15:04:36.510148
2026-06-24T15:03:53.101+09:00  INFO 76600 --- [sisibibi-api] [pool-4-thread-1] c.s.a.d.s.service.SpeakingQueueService   : Speaking request expired. roomId=990001, userId=990026, queueOrder=2, expiredAt=2026-06-24T15:03:52.731461
2026-06-24T15:03:53.153+09:00  INFO 76600 --- [sisibibi-api] [pool-4-thread-1] c.s.a.d.s.service.SpeakingQueueService   : Speaking request assigned. roomId=990001, userId=990037, queueOrder=3, expiresAt=2026-06-24T15:06:53.121785
